client_id,client_type,first_name,last_name,date_of_birth,gender,country,region,acquisition_purpose,satisfaction_score,loan_applied,referral_channel,properties_purchased,total_spend,avg_property_price,total_area_sqft,avg_area_sqft,apartment_purchases,office_purchases
C0001,Individual,Kareem,Liu,05-11-1968,F,USA,California,Home,4,Yes,Website,4,1246764.72,311691.18,3935.54,983.885,4,0
C0002,Individual,Trystan,Oconnor,11/26/1962,M,USA,California,Home,1,No,Website,5,1841095.9300000002,368219.18600000005,5939.71,1187.942,5,0
C0003,Individual,Kale,Gay,04-07-1959,M,USA,California,Home,4,Yes,Agency,5,1661457.5899999999,332291.518,5290.55,1058.1100000000001,5,0
C0004,Individual,Russell,Gross,11/25/1959,M,USA,California,Home,5,No,Website,6,1608263.51,268043.91833333333,5622.62,937.1033333333334,6,0
C0005,Company,Marleez,Co,2/28/1976,M,USA,California,Investment,5,No,Website,13,3653385.38,281029.64461538463,12054.85,927.2961538461539,13,0
C0006,Individual,Yurem,Wright,03-06-1957,M,USA,California,Home,3,Yes,Website,5,1514131.06,302826.212,4947.95,989.5899999999999,5,0
C0007,Individual,Xavier,Faulkner,5/24/1947,M,Canada,Quebec,Investment,5,No,Website,11,3251147.83,295558.8936363636,10952.63,995.6936363636363,11,0
C0008,Individual,Kayden,Olsen,10/17/1969,F,USA,California,Home,5,No,Website,5,1476730.4100000001,295346.08200000005,5155.53,1031.106,4,1
C0009,Individual,Joaquin,Mullins,10-05-1975,M,USA,California,Investment,5,No,Agency,5,1820832.35,364166.47000000003,6528.22,1305.644,4,1
C0010,Individual,Nicolas,Navarro,6/17/1966,M,USA,Oregon,Investment,3,No,Agency,5,1732434.0,346486.8,5701.03,1140.206,4,1
C0011,Individual,Laci,Guerra,6/17/1956,F,USA,California,Home,2,Yes,Website,5,1325211.52,265042.304,4679.57,935.914,4,1
C0012,Company,Kylax,Co,4/25/1975,M,USA,California,Investment,5,No,Website,4,1599526.4,399881.6,5269.78,1317.445,4,0
C0013,Individual,Harley,Lucero,08-10-1962,M,USA,California,Home,1,Yes,Website,5,2142750.89,428550.178,7036.88,1407.376,5,0
C0014,Company,Esther,Co,07-10-1980,M,USA,California,Home,3,Yes,Website,4,1548140.0699999998,387035.01749999996,5122.17,1280.5425,4,0
C0015,Individual,Jaylynn,Hickman,8/19/1941,F,USA,California,Home,5,No,Client,5,1585907.37,317181.47400000005,5153.82,1030.764,5,0
C0016,Individual,Olivia,Oconnell,09-03-1939,F,USA,California,Investment,5,No,Website,4,1010217.73,252554.4325,3368.58,842.145,4,0
C0017,Individual,Antonio,Porter,01-08-1977,M,USA,Arizona,Home,3,No,Client,5,1778693.75,355738.75,5979.07,1195.8139999999999,4,1
C0018,Individual,Luke,Lynn,02-07-1967,M,USA,California,Home,2,Yes,Agency,4,1061478.67,265369.6675,3655.33,913.8325,4,0
C0019,Individual,Anahi,Curry,09-09-1957,M,USA,California,Home,5,Yes,Client,4,1773474.26,443368.565,5608.17,1402.0425,2,2
C0020,Individual,Camille,Sharp,10/17/1967,F,USA,California,Home,5,No,Website,4,1508032.25,377008.0625,5228.32,1307.08,4,0
C0021,Individual,Jesus,Obrien,06-09-1938,M,USA,Oregon,Investment,3,No,Website,6,1928172.72,321362.12,6173.16,1028.86,6,0
C0022,Individual,Araceli,Nelson,9/14/1966,M,Germany,Berlin,Investment,5,No,Agency,4,1372403.2,343100.8,4989.9400000000005,1247.4850000000001,4,0
C0023,Individual,Cole,Taylor,12-06-1958,M,USA,California,Home,3,Yes,Website,5,1457871.69,291574.338,4741.9400000000005,948.3880000000001,5,0
C0024,Individual,Alonso,Terrell,11-05-1963,M,USA,California,Investment,4,No,Website,6,1884156.9000000001,314026.15,6322.41,1053.735,6,0
C0025,Individual,Rodolfo,Gibson,1/20/1937,M,USA,Nevada,Home,2,Yes,Website,5,1694448.83,338889.766,5602.88,1120.576,5,0
C0026,Individual,Joseph,Reeves,9/23/1962,M,USA,California,Investment,5,No,Website,10,2932241.75,293224.175,10023.83,1002.383,9,1
C0027,Individual,Grant,Weber,09-08-1968,M,USA,California,Home,5,Yes,Website,5,1517969.44,303593.888,5351.17,1070.234,3,2
C0028,Individual,Ava,Phelps,4/15/1958,F,USA,California,Home,3,No,Client,5,1791082.79,358216.558,6331.83,1266.366,4,1
C0029,Individual,Kyla,Walker,2/26/1976,F,USA,Colorado,Home,4,Yes,Agency,4,1247795.31,311948.8275,3972.2,993.05,3,1
C0030,Individual,Alanna,Hess,6/19/1952,F,USA,Nevada,Home,3,No,Website,4,1547311.29,386827.8225,5117.49,1279.3725,4,0
C0031,Individual,Skylar,Buchanan,12/25/1977,M,USA,Nevada,Home,4,Yes,Website,5,1077148.21,215429.642,3386.7,677.3399999999999,4,1
C0032,Individual,Rodrigo,Robinson,08-11-1966,M,USA,California,Home,4,No,Website,5,1888995.1600000001,377799.032,6412.64,1282.528,4,1
C0033,Individual,Lydia,Tate,8/14/1968,F,USA,California,Home,3,Yes,Website,4,1404998.67,351249.6675,5001.73,1250.4325,3,1
C0034,Individual,Lauryn,Patrick,10/30/1969,F,Belgium,Brussels,Home,2,No,Agency,5,1632608.66,326521.73199999996,5802.780000000001,1160.556,5,0
C0035,Individual,Diego,Mendez,05-12-1965,M,Mexico,Mexico City,Home,3,No,Agency,5,1987876.4,397575.27999999997,7228.76,1445.752,5,0
C0036,Individual,Victor,Jensen,09-01-1973,M,USA,California,Home,4,No,Website,4,1173683.53,293420.8825,3853.3,963.325,4,0
C0037,Individual,Scarlet,Hendricks,1/20/1962,F,USA,California,Home,5,Yes,Website,5,1607228.75,321445.75,5091.84,1018.368,5,0
C0038,Individual,Janelle,Espinoza,12/25/1974,F,USA,California,Investment,4,No,Client,4,1175129.27,293782.3175,4420.49,1105.1225,3,1
C0039,Individual,Aleksandra,Karenina,6/13/1967,F,Russia,Krasnodar Krai,Home,1,No,Agency,4,1858527.54,464631.885,5462.72,1365.68,3,1
C0040,Individual,Conner,Huff,3/22/1975,M,USA,Nevada,Home,5,No,Website,6,1854608.29,309101.38166666665,6286.8,1047.8,6,0
C0041,Individual,Zain,Horne,4/13/1967,M,USA,Arizona,Home,1,Yes,Website,5,1374460.79,274892.158,4364.19,872.838,3,2
C0042,Individual,Maia,Chandler,08-12-1975,F,USA,Utah,Home,1,Yes,Website,4,1101390.25,275347.5625,3655.37,913.8425,3,1
C0043,Individual,Jordyn,Park,04-04-1965,M,USA,Nevada,Investment,3,Yes,Website,4,1126492.46,281623.115,3934.02,983.505,4,0
C0044,Individual,Diana,Hunt,2/13/1931,F,USA,Arizona,Home,3,No,Website,4,1330493.26,332623.315,4427.47,1106.8675,4,0
C0045,Individual,Kevin,Mata,10-12-1968,M,USA,Colorado,Investment,2,No,Agency,5,1463432.3599999999,292686.47199999995,4568.87,913.774,5,0
C0046,Individual,Brisa,Mckee,9/24/1964,F,USA,California,Home,5,No,Client,8,2026517.4,253314.675,6862.4400000000005,857.8050000000001,8,0
C0047,Individual,Mason,Gilbert,7/31/1970,M,USA,Colorado,Home,2,No,Agency,5,1438239.28,287647.856,4767.84,953.568,5,0
C0048,Individual,Derick,Li,3/20/1957,M,USA,California,Home,3,Yes,Agency,4,1338718.0,334679.5,4105.280000000001,1026.3200000000002,4,0
C0049,Individual,Jace,Riggs,8/20/1971,F,USA,California,Home,1,No,Website,4,1390091.2,347522.8,4817.47,1204.3675,4,0
C0050,Individual,Jair,Johns,03-05-1940,M,USA,California,Home,5,No,Website,9,2744452.35,304939.15,8941.58,993.5088888888889,8,1
C0051,Individual,Matilda,Madden,03-03-1941,F,USA,Colorado,Home,3,No,Agency,4,1270440.42,317610.105,4158.24,1039.56,4,0
C0052,Individual,Myla,Ewing,02-03-1967,F,USA,Oregon,Investment,2,No,Client,4,1474211.53,368552.8825,4751.7,1187.925,4,0
C0053,Individual,Miguel,Walter,01-07-1954,M,USA,Arizona,Home,4,No,Agency,4,1120539.44,280134.86,3716.98,929.245,4,0
C0054,Company,Bridger CAL,Co,2/15/1967,M,USA,Nevada,Investment,5,No,Website,6,2109277.6,351546.26666666666,6693.8,1115.6333333333334,2,4
C0055,Individual,Mara,Franco,06-07-1973,F,USA,California,Home,5,Yes,Agency,4,1178979.21,294744.8025,3959.3199999999997,989.8299999999999,4,0
C0056,Individual,Erik,Mora,12-07-1964,M,USA,Oregon,Investment,5,No,Agency,4,1579301.3599999999,394825.33999999997,5422.39,1355.5975,3,1
C0057,Individual,Henry,Kennedy,06-08-1933,M,USA,California,Home,4,Yes,Agency,5,2020519.52,404103.904,6720.719999999999,1344.1439999999998,4,1
C0058,Company,Kenyon,Co,05-03-1969,F,USA,California,Investment,1,Yes,Website,5,1441406.17,288281.234,4599.2,919.8399999999999,3,2
C0059,Individual,Oswaldo,Palmer,6/16/1960,M,USA,California,Home,2,No,Website,4,1278854.25,319713.5625,4409.76,1102.44,3,1
C0060,Individual,Kassidy,Vega,05-07-1972,F,USA,California,Home,5,No,Website,4,1355662.25,338915.5625,4477.87,1119.4675,4,0
C0061,Individual,Morgan,Glass,05-12-1967,M,USA,Utah,Home,5,No,Agency,4,1306907.58,326726.895,4406.48,1101.62,4,0
C0062,Individual,Tyler,Carr,3/27/1974,M,USA,California,Home,5,Yes,Client,5,1489333.49,297866.698,5299.16,1059.8319999999999,5,0
C0063,Individual,Yesenia,Marquez,7/23/1942,F,USA,Arizona,Home,4,No,Website,5,1625480.88,325096.176,5562.6900000000005,1112.538,5,0
C0064,Individual,Gordon,Brown,02-10-1974,M,UK,Northern Ireland,Investment,4,No,Agency,4,1448881.28,362220.32,4383.4,1095.85,4,0
C0065,Individual,Rodrigo,Ramirez,3/26/1972,M,USA,California,Home,1,No,Agency,4,1557125.73,389281.4325,5046.11,1261.5275,3,1
C0066,Individual,Melanie,Holland,12/25/1974,F,USA,California,Investment,3,No,Client,4,1107164.17,276791.0425,3731.0200000000004,932.7550000000001,3,1
C0067,Individual,Enrique,Cardenas,06-10-1977,M,USA,California,Home,2,No,Website,5,1431941.84,286388.368,4259.09,851.818,4,1
C0068,Individual,Helen,Williamson,2/26/1966,F,USA,Colorado,Home,5,Yes,Agency,4,1572779.33,393194.8325,5801.17,1450.2925,3,1
C0069,Individual,Isis,Rios,04-01-1970,M,USA,California,Investment,4,No,Website,5,1439142.47,287828.494,4787.94,957.588,5,0
C0070,Individual,Kayley,Nielsen,4/27/1947,F,USA,Arizona,Home,4,Yes,Website,5,1521570.62,304314.124,5196.37,1039.274,4,1
C0071,Individual,Donavan,Flowers,12/27/1985,M,USA,California,Home,1,Yes,Client,5,1150384.09,230076.81800000003,4166.9,833.3799999999999,5,0
C0072,Individual,Augustus,Hinton,02-03-1953,M,USA,Nevada,Investment,2,No,Website,6,2246488.58,374414.76333333337,6776.95,1129.4916666666666,5,1
C0073,Individual,Alejandra,Greer,01-11-1965,F,Denmark,Capital Region,Investment,1,No,Agency,4,1413902.33,353475.5825,4776.13,1194.0325,4,0
C0074,Individual,Violet,Nixon,01-01-1959,F,USA,Oregon,Investment,5,No,Client,5,1709458.65,341891.73,5690.22,1138.044,3,2
C0075,Individual,Jaelyn,Berger,05-05-1970,F,USA,California,Home,3,No,Website,4,1269395.74,317348.935,4193.37,1048.3425,3,1
C0076,Individual,Tristian,Fuller,3/13/1956,M,USA,California,Home,5,No,Agency,6,1905852.0899999999,317642.01499999996,6403.68,1067.28,6,0
C0077,Individual,Christian,Costa,9/14/1980,M,USA,California,Home,5,No,Website,5,1880012.18,376002.436,5959.13,1191.826,3,2
C0078,Individual,Nora,Lynch,4/23/1948,F,USA,California,Home,5,No,Website,4,1685882.3900000001,421470.59750000003,5662.52,1415.63,4,0
C0079,Individual,Dangelo,Shea,2/27/1954,M,Belgium,Brussels,Investment,4,No,Website,4,1456436.3,364109.075,4876.27,1219.0675,2,2
C0080,Individual,Aiyana,Christensen,1/16/1949,F,USA,California,Investment,3,No,Website,5,1427531.56,285506.31200000003,4825.12,965.024,5,0
C0081,Individual,Sidney,Cline,7/24/1943,F,USA,California,Home,4,Yes,Website,4,1522144.26,380536.065,5010.98,1252.745,3,1
C0082,Individual,Kaitlin,Owen,12/26/1981,F,USA,Virginia,Investment,5,No,Client,5,1282267.95,256453.59,4421.12,884.2239999999999,5,0
C0083,Individual,Issac,Edwards,10/29/1938,M,USA,California,Home,5,No,Website,6,1513641.46,252273.57666666666,5108.37,851.395,6,0
C0084,Individual,Zaiden,Merritt,2/23/1948,M,USA,Wyoming,Home,3,No,Agency,5,1762231.92,352446.38399999996,5418.0599999999995,1083.6119999999999,3,2
C0085,Individual,Iris,Larsen,9/14/1966,M,USA,California,Home,4,Yes,Agency,4,1185505.46,296376.365,3945.58,986.395,4,0
C0086,Individual,Grace,Stein,12/20/1968,F,USA,California,Home,3,Yes,Website,5,1928188.6099999999,385637.72199999995,6773.17,1354.634,5,0
C0087,Individual,Alessandra,Perry,5/15/1979,F,USA,California,Home,4,No,Agency,4,1681153.28,420288.32,5150.65,1287.6625,3,1
C0088,Individual,Jamal,Mueller,8/13/1936,M,USA,Oregon,Investment,2,No,Website,6,1450519.57,241753.2616666667,4721.84,786.9733333333334,5,1
C0089,Individual,Irvin,Ellis,11/14/1949,M,USA,California,Home,3,No,Agency,4,1041853.81,260463.4525,3419.16,854.79,4,0
C0090,Individual,Terry,Forbes,5/27/1982,M,USA,California,Home,5,No,Client,5,980850.4199999999,196170.08399999997,3518.99,703.798,5,0
C0091,Individual,Jacqueline,Grant,11/13/1959,F,USA,California,Home,4,No,Website,4,1356644.74,339161.185,4646.71,1161.6775,4,0
C0092,Individual,Brock,Fischer,5/29/1971,M,USA,Kansas,Home,3,No,Website,8,2817926.96,352240.87,9744.34,1218.0425,7,1
C0093,Individual,Curtis,Howard,09-11-1962,M,USA,California,Home,2,No,Agency,5,1732558.38,346511.676,5982.33,1196.466,5,0
C0094,Individual,Avah,Huang,4/23/1948,F,USA,California,Home,5,No,Website,5,1062675.82,212535.16400000002,3463.3199999999997,692.664,4,1
C0095,Individual,Frank,Meyer,3/16/1964,M,USA,California,Home,3,Yes,Agency,6,1668973.02,278162.17,5538.63,923.105,4,2
C0096,Individual,Darien,Dorsey,12/27/1985,M,USA,California,Investment,3,Yes,Website,4,1363013.17,340753.2925,4454.46,1113.615,4,0
C0097,Individual,Franklin,Mack,6/18/1943,M,USA,Virginia,Home,5,Yes,Website,7,2189906.04,312843.72000000003,7432.0599999999995,1061.722857142857,5,2
C0098,Individual,Elena,Petrova,6/22/1949,F,Russia,Saint Petersburg,Home,3,Yes,Agency,4,1131592.65,282898.1625,3927.82,981.955,4,0
C0099,Individual,Jack,Hanson,12-01-1941,M,USA,California,Investment,4,No,Website,6,2000308.58,333384.76333333337,7209.530000000001,1201.5883333333334,5,1
C0100,Individual,Emmett,Estes,06-05-1969,M,USA,California,Home,3,No,Website,4,1449544.65,362386.1625,4697.76,1174.44,4,0
C0101,Individual,Aniya,Miller,03-02-1951,F,USA,Nevada,Home,3,No,Website,4,1125013.8,281253.45,3497.38,874.345,3,1
C0102,Individual,Jack,Anderson,2/13/1947,M,USA,California,Investment,5,Yes,Website,9,3403263.85,378140.4277777778,11006.18,1222.908888888889,8,1
C0103,Individual,Kael,Hurley,12/15/1973,M,USA,Colorado,Home,3,No,Website,5,1483838.77,296767.754,4824.9,964.9799999999999,5,0
C0104,Individual,Kamden,Stewart,9/14/1978,M,USA,California,Home,5,No,Website,5,1677155.01,335431.002,5451.5,1090.3,4,1
C0105,Individual,Aniyah,Ali,11-03-1959,F,USA,California,Investment,2,Yes,Website,5,1328084.36,265616.87200000003,4254.74,850.948,3,2
C0106,Individual,Simon,Bennett,06-09-1953,M,USA,Colorado,Home,4,No,Website,4,957679.27,239419.8175,3283.9300000000003,820.9825000000001,4,0
C0107,Individual,Laurel,Benitez,08-06-1959,M,USA,California,Home,4,Yes,Agency,5,1715058.23,343011.646,5513.3,1102.66,4,1
C0108,Individual,Trey,Strong,12/20/1958,M,USA,California,Home,4,No,Agency,6,1998798.72,333133.12,6625.0199999999995,1104.1699999999998,5,1
C0109,Individual,Myah,Roman,05-05-1933,F,USA,California,Investment,5,Yes,Agency,5,1995551.0899999999,399110.218,6429.27,1285.854,3,2
C0110,Individual,Nyla,Blake,06-05-1959,F,USA,California,Investment,5,Yes,Agency,5,1205555.46,241111.092,4057.0099999999998,811.4019999999999,5,0
C0111,Individual,Kole,Shannon,6/27/1979,M,USA,Arizona,Home,2,Yes,Website,4,1198421.22,299605.305,3586.87,896.7175,4,0
C0112,Individual,Melany,Glover,10-01-1960,F,USA,California,Investment,1,Yes,Agency,5,1775142.2,355028.44,5579.93,1115.986,5,0
C0113,Individual,Arthur,Bray,7/14/1949,M,USA,Utah,Investment,4,No,Agency,4,1414433.46,353608.365,4746.86,1186.715,4,0
C0114,Individual,Kamila,Collier,1/21/1962,F,USA,California,Home,1,Yes,Website,4,1124004.05,281001.0125,3731.7799999999997,932.9449999999999,4,0
C0115,Individual,Amanda,Simon,12-03-1978,F,USA,California,Home,5,No,Agency,5,1757354.59,351470.918,5718.46,1143.692,3,2
C0116,Individual,Erika,Steward,08-07-1955,F,USA,California,Investment,4,No,Website,8,2484590.08,310573.76,8319.14,1039.8925,7,1
C0117,Individual,Jakobe,Bailey,10-06-1964,M,UK,Scotland,Investment,4,No,Agency,8,2884556.25,360569.53125,9086.29,1135.78625,5,3
C0118,Individual,Sonia,Choi,11-09-1948,F,USA,Oregon,Investment,5,No,Agency,4,1218377.19,304594.2975,4036.49,1009.1225,3,1
C0119,Individual,Erika,Gallagher,7/19/1942,F,USA,California,Home,1,Yes,Website,4,1603043.92,400760.98,5597.26,1399.315,4,0
C0120,Individual,Madeline,Michael,7/30/1953,F,USA,California,Home,4,Yes,Website,5,1753587.39,350717.478,6219.8,1243.96,5,0
C0121,Individual,Bennett,Chen,7/18/1950,M,USA,Nevada,Home,2,No,Website,5,1169150.31,233830.062,4033.44,806.688,5,0
C0122,Individual,Belinda,Hogan,8/18/1973,F,USA,California,Home,1,Yes,Agency,4,1412560.68,353140.17,4343.9,1085.975,4,0
C0123,Individual,Johanna,Fisher,8/25/1962,F,USA,California,Home,4,Yes,Website,5,1821348.69,364269.738,6153.299999999999,1230.6599999999999,5,0
C0124,Individual,Jaylen,Turner,7/15/1963,F,USA,California,Home,4,No,Agency,5,1613985.08,322797.016,5923.15,1184.6299999999999,4,1
C0125,Individual,Michael,Juarez,12/25/1976,M,USA,Colorado,Home,4,Yes,Agency,4,1341108.25,335277.0625,4594.19,1148.5475,3,1
C0126,Individual,Adriana,Shaffer,07-11-1972,F,USA,California,Investment,2,No,Agency,5,1319929.46,263985.892,4250.26,850.052,4,1
C0127,Individual,Julio,Leonard,7/18/1974,M,USA,Nevada,Home,2,Yes,Website,4,967474.23,241868.5575,3060.34,765.085,4,0
C0128,Company,Abdiel,Co,5/22/1963,M,USA,Nevada,Investment,5,Yes,Website,5,1639392.9500000002,327878.59,5270.17,1054.034,4,1
C0129,Individual,Warren,Pugh,7/17/1973,M,USA,Arizona,Investment,5,No,Website,4,1748372.75,437093.1875,5187.9400000000005,1296.9850000000001,3,1
C0130,Individual,Luis,Crane,4/20/1959,M,USA,Nevada,Home,3,Yes,Website,4,1488042.88,372010.72,4860.14,1215.035,4,0
C0131,Individual,Mohammad,Irwin,12-02-1971,M,USA,California,Home,1,No,Website,5,1428058.5499999998,285611.70999999996,4643.97,928.7940000000001,5,0
C0132,Individual,Davion,Stout,7/20/1965,M,USA,Nevada,Home,1,Yes,Agency,4,1203775.04,300943.76,4100.71,1025.1775,4,0
C0133,Individual,Logan,Simmons,9/14/1946,M,USA,California,Investment,4,No,Agency,4,1449799.93,362449.9825,4709.610000000001,1177.4025000000001,4,0
C0134,Individual,Kaylin,Villarreal,6/13/1932,F,Russia,Novosibirsk,Investment,3,No,Website,5,1761669.8699999999,352333.974,5478.01,1095.602,5,0
C0135,Individual,Ruben,Melton,03-05-1939,M,USA,Utah,Investment,2,No,Agency,4,1221442.92,305360.73,4174.4400000000005,1043.6100000000001,3,1
C0136,Individual,Gianni,Fritz,9/15/1973,M,USA,California,Home,3,No,Website,5,1892554.72,378510.944,6221.37,1244.274,2,3
C0137,Individual,Emilie,Morrison,10/29/1957,F,USA,California,Home,3,Yes,Website,4,989750.45,247437.6125,3420.2799999999997,855.0699999999999,3,1
C0138,Individual,Crystal,Wyatt,6/30/1939,F,USA,Oregon,Investment,3,Yes,Website,5,1367824.55,273564.91000000003,4572.06,914.412,3,2
C0139,Individual,Annabel,Robles,10/14/1969,F,USA,California,Home,5,Yes,Website,5,1807366.3,361473.26,5683.47,1136.694,5,0
C0140,Individual,Rachel,Cross,6/18/1952,F,USA,California,Home,3,No,Website,5,1559561.53,311912.306,5208.610000000001,1041.7220000000002,4,1
C0141,Individual,Madalyn,Mercer,6/21/1986,F,USA,California,Home,5,No,Website,5,1765019.09,353003.818,5444.03,1088.806,4,1
C0142,Individual,Michelle,Cameron,06-04-1978,F,USA,Nevada,Home,3,Yes,Website,5,1673770.19,334754.038,5746.98,1149.396,4,1
C0143,Individual,Ezra,Lozano,2/24/1958,M,USA,California,Home,1,No,Website,8,2389960.3,298745.0375,8069.06,1008.6325,7,1
C0144,Individual,Ramiro,Oneill,9/29/1954,M,USA,California,Home,4,No,Agency,5,1897739.74,379547.948,6031.77,1206.354,5,0
C0145,Individual,Emely,Watts,11/30/1964,F,USA,California,Home,4,No,Website,5,1746571.55,349314.31,6486.6,1297.3200000000002,4,1
C0146,Individual,Hazel,Ayers,02-01-1963,M,USA,Colorado,Home,2,No,Website,4,1481536.3900000001,370384.09750000003,4970.57,1242.6425,4,0
C0147,Individual,Cedric,Goodwin,2/20/1948,M,USA,Utah,Home,4,No,Client,5,1398309.27,279661.854,5002.35,1000.47,3,2
C0148,Individual,Dayton,Hatfield,4/19/1969,M,USA,Colorado,Investment,4,Yes,Agency,4,1700383.7,425095.925,5654.37,1413.5925,4,0
C0149,Individual,Piotr,Aleksandrov,12-02-1955,M,Russia,Krasnodar Krai,Investment,3,No,Agency,4,1049009.0,262252.25,3625.9400000000005,906.4850000000001,3,1
C0150,Individual,Memphis,Mcconnell,8/25/1968,M,USA,California,Home,2,Yes,Website,4,1846066.58,461516.645,6003.8,1500.95,4,0
C0151,Individual,Arabella,Ferrell,8/17/1976,F,USA,Oregon,Home,1,No,Agency,5,1589086.32,317817.264,5617.21,1123.442,5,0
C0152,Individual,Sincere,Hansen,1/19/1967,F,USA,California,Investment,2,Yes,Agency,7,2539205.93,362743.7042857143,8489.31,1212.7585714285713,7,0
C0153,Individual,Lara,Carrillo,2/24/1983,F,USA,California,Home,5,No,Website,5,1560375.26,312075.052,4720.16,944.0319999999999,5,0
C0154,Individual,Valentina,Simpson,1/24/1965,F,USA,California,Home,4,Yes,Agency,5,2142457.31,428491.462,6952.45,1390.49,3,2
C0155,Company,Kamd,Co,8/18/1975,M,USA,California,Investment,5,No,Agency,5,1622885.53,324577.106,5486.97,1097.394,4,1
C0156,Individual,Case,Sanchez,5/26/1966,F,USA,California,Home,5,No,Website,4,1344903.47,336225.8675,4408.42,1102.105,3,1
C0157,Individual,Van,Charles,5/15/1952,M,USA,Colorado,Home,2,Yes,Client,4,1060400.03,265100.0075,3323.07,830.7675,4,0
C0158,Individual,Emmy,Singh,12-03-1979,F,USA,Virginia,Investment,3,Yes,Agency,4,1439477.66,359869.415,4525.99,1131.4975,3,1
C0159,Individual,Colin,Campos,4/14/1942,M,USA,California,Home,3,No,Website,4,1596507.45,399126.8625,5346.93,1336.7325,4,0
C0160,Individual,Anya,Stephenson,06-11-1959,F,USA,California,Home,4,No,Website,5,1679716.96,335943.392,5720.3,1144.06,3,2
C0161,Individual,Parker,Poole,11-10-1951,M,USA,California,Home,5,No,Website,9,2534264.26,281584.91777777777,8454.73,939.4144444444444,8,1
C0162,Individual,Ivan,Bright,9/15/1953,M,USA,California,Home,4,No,Website,4,1135363.52,283840.88,3932.96,983.24,3,1
C0163,Individual,Larry,Turner,3/24/1986,M,USA,Utah,Investment,5,Yes,Agency,4,1506594.21,376648.5525,5229.28,1307.32,3,1
C0164,Individual,Matthew,Nelson,9/20/1986,M,USA,Arizona,Home,5,No,Website,4,1436152.54,359038.135,4787.19,1196.7975,4,0
C0165,Individual,Mary,Hall,07-11-1956,F,USA,California,Home,3,Yes,Website,3,1276849.33,425616.44333333336,4071.58,1357.1933333333334,3,0
C0166,Individual,Carolyn,Weaver,1/24/1984,F,USA,Arizona,Home,4,Yes,Agency,4,1273643.37,318410.8425,4101.29,1025.3225,4,0
C0167,Individual,Grace,Green,02-02-1955,F,UK,Scotland,Home,3,Yes,Website,7,2749577.33,392796.7614285714,9242.67,1320.3814285714286,6,1
C0168,Individual,Pamela,Sanders,06-06-1960,F,USA,Nevada,Home,3,No,Agency,4,1491785.87,372946.4675,5318.41,1329.6025,4,0
C0169,Individual,Terry,Turner,8/13/1990,M,USA,Ohio,Investment,5,Yes,Agency,3,688864.2,229621.4,2537.59,845.8633333333333,1,2
C0170,Individual,Jacob,Jones,6/13/1949,M,USA,California,Home,5,No,Website,3,1161316.17,387105.38999999996,4019.2400000000002,1339.7466666666667,3,0
C0171,Individual,Julie,Sanders,05-05-1991,F,USA,Washington,Investment,5,Yes,Client,4,1278753.71,319688.4275,4282.88,1070.72,4,0
C0172,Individual,Catherine,Carter,9/16/1992,F,USA,Washington,Home,1,Yes,Agency,4,1681471.9100000001,420367.97750000004,6291.16,1572.79,3,1
C0173,Individual,Amber,Wilson,7/20/1976,F,USA,Arizona,Home,5,Yes,Agency,8,2619968.43,327496.05375,8596.74,1074.5925,8,0
C0174,Individual,Rachel,Harris,07-06-1982,F,USA,California,Investment,3,No,Client,3,865359.73,288453.24333333335,2609.36,869.7866666666667,3,0
C0175,Individual,Brandon,Alexander,04-05-1962,M,USA,Washington,Home,5,No,Agency,4,1606138.1199999999,401534.52999999997,5253.52,1313.38,2,2
C0176,Individual,Hannah,Williams,6/27/1993,F,USA,California,Home,2,No,Website,6,2681927.91,446987.98500000004,9088.8,1514.8,6,0
C0177,Individual,Sarah,Hansen,03-05-1951,F,UK,England,Home,5,Yes,Website,7,2269897.21,324271.02999999997,8126.66,1160.9514285714286,6,1
C0178,Individual,Laura,Chavez,12/23/1952,F,USA,Virginia,Home,4,No,Agency,7,2665917.96,380845.42285714287,8994.99,1284.9985714285715,5,2
C0179,Individual,Ashley,Turner,02-11-1986,F,USA,Oregon,Investment,2,No,Website,8,2131372.11,266421.51375,7580.360000000001,947.5450000000001,5,3
C0180,Individual,Jacob,Wilson,1/28/1943,M,USA,California,Home,2,Yes,Agency,7,2660292.37,380041.76714285713,8746.57,1249.51,6,1
C0181,Individual,Lawrence,Peterson,4/26/1970,M,USA,Texas,Home,2,Yes,Website,7,2047189.62,292455.66000000003,6819.24,974.1771428571428,6,1
C0182,Individual,Virginia,Bennett,12-02-1971,F,Germany,North Rhine-Westphalia,Investment,1,Yes,Website,8,3082362.35,385295.29375,9975.57,1246.94625,8,0
C0183,Individual,Nicholas,Green,9/15/1988,M,USA,Nevada,Home,3,No,Website,7,1883106.92,269015.27428571426,6349.73,907.1042857142857,7,0
C0184,Individual,Peter,Pierce,1/21/1994,M,USA,Florida,Home,1,No,Website,6,2618938.16,436489.69333333336,8890.29,1481.7150000000001,6,0
C0185,Individual,Andrea,Nelson,07-02-1945,F,USA,Nevada,Home,4,Yes,Agency,7,2491911.81,355987.40142857144,7961.0599999999995,1137.2942857142857,7,0
C0186,Individual,Carol,Green,04-02-1982,F,USA,Virginia,Home,1,No,Website,8,2674286.63,334285.82875,8802.17,1100.27125,8,0
C0187,Individual,Cheryl,Kim,1/17/1990,F,USA,Florida,Home,1,No,Website,6,2066651.1400000001,344441.8566666667,6812.219999999999,1135.37,4,2
C0188,Individual,Jose,Martin,10-08-1940,M,USA,Oregon,Home,5,Yes,Website,7,2891447.6,413063.9428571429,8847.74,1263.962857142857,5,2
C0189,Individual,Anna,Adams,12-11-1958,F,USA,California,Home,2,No,Agency,7,2209659.42,315665.6314285714,7172.8,1024.6857142857143,6,1
C0190,Individual,Karen,Johnson,10/19/1971,F,USA,California,Home,2,No,Website,7,2276701.17,325243.02428571426,7344.08,1049.1542857142856,6,1
C0191,Individual,Sarah,Turner,05-06-1977,F,USA,Florida,Home,3,No,Agency,8,2172926.7600000002,271615.84500000003,7310.8099999999995,913.8512499999999,5,3
C0192,Individual,Margaret,Moore,02-04-1984,F,Belgium,Brussels,Investment,2,Yes,Website,7,2900509.0999999996,414358.4428571428,9133.050000000001,1304.7214285714288,5,2
C0193,Individual,Sharon,Campbell,08-09-1968,F,USA,California,Investment,4,Yes,Website,7,1933778.2399999998,276254.03428571427,6739.05,962.7214285714286,4,3
C0194,Individual,Jonathan,Hall,8/18/1953,M,France,Ile-de-France,Home,5,Yes,Website,7,2759372.27,394196.03857142857,8661.05,1237.292857142857,5,2
C0195,Individual,Sean,Jones,6/19/1947,M,USA,California,Home,2,Yes,Website,7,2102233.85,300319.12142857147,7204.9,1029.2714285714285,5,2
C0196,Individual,Alexander,Adams,4/22/1957,M,USA,Nevada,Investment,5,No,Agency,6,2611736.44,435289.4066666667,8471.68,1411.9466666666667,6,0
C0197,Individual,Kevin,Wright,07-01-1944,M,USA,Virginia,Home,4,No,Client,8,2775768.6,346971.075,8662.96,1082.87,8,0
C0198,Individual,Michelle,White,1/28/1976,F,USA,California,Home,4,No,Website,8,2399689.67,299961.20875,7980.38,997.5475,8,0
C0199,Individual,Ryan,Brown,4/13/1958,M,USA,California,Home,3,No,Agency,7,2582959.87,368994.26714285713,8139.17,1162.7385714285715,6,1
C0200,Individual,Linda,Harris,05-06-1944,F,USA,California,Home,1,No,Agency,4,1071359.3900000001,267839.84750000003,3682.83,920.7075,4,0
C0201,Individual,Lauren,Weaver,2/13/1968,F,USA,California,Home,1,No,Agency,4,1298787.54,324696.885,4589.74,1147.435,3,1
C0202,Individual,Jack,Reyes,11-11-1996,M,Canada,British Columbia,Home,1,No,Website,3,1019272.5900000001,339757.53,3148.14,1049.3799999999999,2,1
C0203,Individual,Christine,Brooks,5/18/1956,F,USA,California,Home,4,No,Client,4,1242478.83,310619.7075,3664.15,916.0375,4,0
C0204,Individual,Joyce,Pierce,01-10-1947,F,USA,California,Home,5,No,Agency,3,934432.98,311477.66,3128.18,1042.7266666666667,2,1
C0205,Individual,Kelly,Nelson,8/26/1968,F,Mexico,Puebla,Home,1,Yes,Agency,3,949224.48,316408.16,3218.1800000000003,1072.7266666666667,2,1
C0206,Individual,Nancy,Roberts,05-08-1957,F,USA,California,Home,1,Yes,Agency,3,853060.9299999999,284353.6433333333,2554.28,851.4266666666667,3,0
C0207,Individual,Kyle,Gray,11/19/1944,M,USA,Virginia,Investment,4,No,Website,3,889948.76,296649.58666666667,3313.5299999999997,1104.51,3,0
C0208,Individual,Mark,James,3/26/1986,M,France,Provence,Home,4,Yes,Agency,4,1199654.38,299913.595,3989.6400000000003,997.4100000000001,3,1
C0209,Individual,Kyle,Moore,8/22/1949,M,USA,Arizona,Investment,3,No,Agency,4,979868.13,244967.0325,3176.51,794.1275,3,1
C0210,Individual,Janice,Price,3/24/1943,F,USA,Colorado,Home,2,No,Website,4,1346156.55,336539.1375,4542.12,1135.53,4,0
C0211,Individual,Amy,Evans,2/23/1972,F,USA,California,Home,3,No,Agency,4,1254240.07,313560.0175,4213.08,1053.27,3,1
C0212,Individual,Jacob,Wood,3/23/1956,M,USA,California,Home,4,No,Agency,3,1068278.76,356092.92,3674.04,1224.68,3,0
C0213,Individual,Jason,Gray,10/23/1976,M,USA,Florida,Investment,5,No,Agency,3,809691.13,269897.04333333333,2691.9300000000003,897.3100000000001,2,1
C0214,Individual,Helen,Wood,7/18/1946,F,Belgium,Brussels,Investment,5,No,Website,3,1070534.6400000001,356844.88000000006,3538.5699999999997,1179.5233333333333,3,0
C0215,Individual,Lauren,Foster,07-11-1999,F,Germany,Hamburg,Investment,4,No,Website,3,1032856.46,344285.48666666663,3330.81,1110.27,3,0
C0216,Individual,Albert,Hansen,7/19/1999,M,USA,Utah,Home,1,No,Website,4,1352642.3399999999,338160.58499999996,4252.16,1063.04,3,1
C0217,Individual,Deborah,Miller,07-11-1984,F,USA,Colorado,Home,3,No,Website,4,1238434.91,309608.7275,4076.49,1019.1225,4,0
C0218,Individual,Shirley,Anderson,1/24/1970,F,USA,California,Home,2,No,Website,3,836639.27,278879.75666666665,2741.01,913.6700000000001,2,1
C0219,Individual,William,Turner,1/20/1988,M,USA,California,Home,4,No,Website,4,1267653.57,316913.3925,4140.77,1035.1925,3,1
C0220,Individual,Walter,Phillips,06-06-1951,M,Canada,Ontario,Investment,1,No,Website,3,1060812.68,353604.2266666666,3304.65,1101.55,3,0
C0221,Company,Atlas,Co,5/14/1987,F,USA,California,Home,5,No,Website,4,1377133.5999999999,344283.39999999997,4746.09,1186.5225,4,0
C0222,Individual,Christopher,Stone,11-08-1956,M,USA,Utah,Investment,3,No,Agency,3,1223560.82,407853.6066666667,4552.41,1517.47,3,0
C0223,Individual,Patrick,Hansen,11-12-1973,M,USA,Colorado,Investment,3,Yes,Website,4,969341.87,242335.4675,3350.09,837.5225,4,0
C0224,Individual,Nathan,Richardson,8/23/1960,M,USA,Colorado,Home,5,No,Website,3,1189255.63,396418.5433333333,3990.65,1330.2166666666667,3,0
C0225,Individual,Evelyn,Reyes,12/19/1948,F,USA,California,Home,1,Yes,Agency,4,1120626.94,280156.735,3623.01,905.7525,3,1
C0226,Individual,Julia,Jordan,07-11-1958,F,USA,Colorado,Home,2,No,Website,3,1571251.03,523750.3433333333,4798.03,1599.3433333333332,3,0
C0227,Individual,Rachel,Evans,10/23/1944,F,USA,Arizona,Home,5,Yes,Website,3,942245.37,314081.79,3313.53,1104.51,3,0
C0228,Individual,Hannah,Owens,4/23/1952,F,USA,Oregon,Investment,4,No,Website,3,606605.72,202201.90666666665,1831.8600000000001,610.62,2,1
C0229,Individual,Jose,Turner,11/19/1981,M,USA,Colorado,Investment,5,No,Website,3,892220.13,297406.71,2701.38,900.46,3,0
C0230,Company,Forsyte,Co,7/22/1977,M,USA,Nevada,Investment,4,Yes,Website,4,1457429.02,364357.255,4417.17,1104.2925,4,0
C0231,Individual,Ronald,Rogers,12/18/1993,M,Denmark,Central Denmark,Investment,2,Yes,Website,3,729893.08,243297.69333333333,2548.91,849.6366666666667,3,0
C0232,Individual,Megan,Kim,05-04-1962,F,USA,California,Home,3,Yes,Website,4,1276710.4900000002,319177.62250000006,4146.61,1036.6525,4,0
C0233,Individual,Larry,Garcia,09-10-1997,M,France,Provence,Home,4,Yes,Website,4,1105806.54,276451.635,3657.25,914.3125,4,0
C0234,Individual,Andrea,Hughes,03-02-1979,F,USA,New York,Home,1,Yes,Website,3,839967.04,279989.01333333337,2919.27,973.09,3,0
C0235,Individual,Kenneth,Allen,10-10-1949,M,USA,California,Home,5,No,Website,4,1268586.58,317146.645,4368.34,1092.085,4,0
C0236,Individual,Gerald,Howard,08-10-1972,M,Canada,Manitoba,Home,3,No,Agency,3,1321475.69,440491.89666666667,4348.5,1449.5,1,2
C0237,Individual,Jason,Nelson,11-03-1984,M,USA,California,Home,5,Yes,Website,3,1392353.31,464117.77,4890.41,1630.1366666666665,3,0
C0238,Individual,Amber,Patterson,01-08-1982,F,USA,Virginia,Home,4,Yes,Agency,3,1125732.72,375244.24,3375.51,1125.17,3,0
C0239,Individual,Megan,Baker,2/18/1973,F,USA,Oregon,Home,3,Yes,Website,4,1352763.67,338190.9175,4046.3199999999997,1011.5799999999999,2,2
C0240,Individual,Amber,Morales,5/15/1942,F,USA,Colorado,Investment,3,No,Website,3,935028.28,311676.0933333333,3068.0099999999998,1022.67,1,2
C0241,Individual,Kelly,Anderson,1/14/1962,F,Mexico,Nuevo Leon,Home,5,Yes,Website,3,1025934.71,341978.23666666663,3330.81,1110.27,3,0
C0242,Individual,Stephen,Peterson,3/16/1998,M,USA,Utah,Home,3,Yes,Agency,4,1358315.73,339578.9325,4764.41,1191.1025,3,1
C0243,Individual,Nancy,Patterson,07-11-1978,F,USA,Utah,Home,2,No,Website,4,1382777.8900000001,345694.47250000003,5145.09,1286.2725,4,0
C0244,Individual,Joyce,Pierce,08-03-1998,F,USA,California,Home,1,No,Website,3,1046652.28,348884.0933333333,3285.1000000000004,1095.0333333333335,1,2
C0245,Individual,Sean,Long,01-07-1974,M,USA,Nevada,Investment,4,No,Agency,3,1354584.5,451528.1666666667,4317.77,1439.256666666667,3,0
C0246,Individual,Stephen,Pierce,5/15/1992,M,France,Normandy,Home,1,Yes,Agency,3,1024485.26,341495.08666666667,3353.8199999999997,1117.9399999999998,2,1
C0247,Individual,Kevin,Morris,1/18/1965,M,USA,California,Home,1,No,Website,4,1696540.52,424135.13,5835.72,1458.93,4,0
C0248,Individual,Carl,Collins,12-09-1968,M,USA,Florida,Home,4,Yes,Agency,3,1035934.63,345311.54333333333,3674.04,1224.68,2,1
C0249,Individual,Stephanie,Montgomery,12-05-1968,F,USA,California,Investment,4,No,Agency,4,1142995.52,285748.88,4109.299999999999,1027.3249999999998,4,0
C0250,Individual,Justin,Stewart,10/19/1947,M,UK,England,Home,2,No,Agency,3,982306.66,327435.55333333334,3230.07,1076.69,3,0
C0251,Individual,Janice,Chavez,08-11-1976,F,USA,Utah,Home,5,No,Website,3,463611.95,154537.31666666668,1692.03,564.01,3,0
C0252,Individual,Elizabeth,Rogers,8/23/1953,F,USA,Nevada,Investment,2,No,Website,3,1082221.48,360740.49333333335,3628.92,1209.64,2,1
C0253,Individual,Betty,Hughes,9/15/1994,F,USA,Virginia,Home,4,No,Website,4,1239226.11,309806.5275,4211.33,1052.8325,4,0
C0254,Individual,Rachel,Freeman,7/21/1956,F,USA,Florida,Home,5,No,Website,4,1332152.57,333038.1425,4385.49,1096.3725,4,0
C0255,Individual,Sara,Jones,02-08-1961,F,UK,England,Investment,3,Yes,Client,4,1689083.06,422270.765,5013.23,1253.3075,4,0
C0256,Individual,Anthony,Hughes,12-10-1990,M,USA,California,Home,1,Yes,Website,3,1150229.15,383409.7166666666,3843.95,1281.3166666666666,3,0
C0257,Individual,Nicholas,Kim,10/22/1974,M,USA,California,Home,1,No,Website,3,1145456.23,381818.74333333335,3833.52,1277.84,2,1
C0258,Individual,Carl,Murray,4/15/1991,M,UK,Northern Ireland,Home,4,Yes,Agency,3,1001712.37,333904.12333333335,3519.55,1173.1833333333334,3,0
C0259,Individual,Emma,Chavez,2/15/1990,F,USA,Oregon,Home,4,No,Website,3,779396.4099999999,259798.80333333332,2528.04,842.68,3,0
C0260,Individual,Rebecca,Wood,08-04-1946,F,USA,Nevada,Investment,3,No,Website,4,1057192.79,264298.1975,3283.69,820.9225,2,2
C0261,Company,Celera,Co,5/13/1985,F,USA,Florida,Investment,4,Yes,Website,4,2094623.1,523655.775,6705.53,1676.3825,3,1
C0262,Individual,Billy,Bryant,5/25/1947,M,USA,Oregon,Home,2,No,Website,3,1233260.4,411086.8,4077.7200000000003,1359.24,3,0
C0263,Individual,Anthony,Garcia,08-02-1981,M,USA,Nevada,Investment,2,Yes,Website,3,969140.41,323046.80333333334,3050.29,1016.7633333333333,3,0
C0264,Individual,Melissa,Baker,09-12-1992,F,USA,Colorado,Home,2,Yes,Agency,4,1127766.02,281941.505,3888.98,972.245,3,1
C0265,Company,Celera,Co,4/13/1967,M,Belgium,Flanders,Home,1,No,Website,4,1708031.99,427007.9975,5172.29,1293.0725,3,1
C0266,Individual,Aaron,Owens,2/26/1977,M,USA,California,Home,5,Yes,Agency,3,931646.38,310548.79333333333,3236.3599999999997,1078.7866666666666,2,1
C0267,Individual,Judy,Howard,11-12-1948,F,USA,Utah,Home,4,Yes,Agency,4,1314495.01,328623.7525,4384.48,1096.12,4,0
C0268,Individual,Danielle,Carter,2/21/1959,F,USA,Georgia,Investment,3,No,Website,4,1108939.8599999999,277234.96499999997,3601.56,900.39,3,1
C0269,Individual,David,Stewart,02-04-1969,M,USA,New York,Home,2,No,Agency,3,1049110.08,349703.36000000004,3230.07,1076.69,2,1
C0270,Individual,Megan,Allen,7/21/1944,F,USA,Florida,Home,5,No,Website,3,924009.9,308003.3,2950.28,983.4266666666667,2,1
C0271,Individual,Laura,Hughes,4/28/1972,F,USA,California,Investment,3,No,Agency,4,1295689.37,323922.3425,4097.35,1024.3375,2,2
C0272,Individual,Pamela,Green,08-03-1993,F,UK,Scotland,Home,5,Yes,Website,4,1439584.37,359896.0925,4994.32,1248.58,4,0
C0273,Individual,Paul,Morales,2/27/1987,M,Denmark,Zealand,Investment,2,No,Website,3,682452.64,227484.21333333335,2404.38,801.46,3,0
C0274,Individual,Raymond,Young,10-01-1950,M,USA,Florida,Home,2,No,Website,3,1343449.34,447816.4466666667,4403.67,1467.89,3,0
C0275,Individual,William,Thompson,6/26/2000,M,USA,Oregon,Home,1,Yes,Website,4,1237500.3,309375.075,4709.35,1177.3375,3,1
C0276,Individual,Gloria,Harris,2/16/1953,F,USA,Washington,Home,5,No,Website,3,1011195.98,337065.32666666666,3494.9300000000003,1164.9766666666667,3,0
C0277,Individual,Jordan,Garcia,11/17/1954,M,USA,Colorado,Investment,1,Yes,Agency,3,1123449.53,374483.1766666667,3859.28,1286.4266666666667,3,0
C0278,Individual,Margaret,Foster,08-03-1955,F,USA,California,Investment,2,Yes,Website,3,1442538.67,480846.2233333333,5055.83,1685.2766666666666,3,0
C0279,Individual,Heather,Montgomery,5/15/1967,F,USA,Oregon,Home,1,No,Website,3,1012986.25,337662.0833333333,3511.06,1170.3533333333332,3,0
C0280,Individual,Nathan,Price,4/14/1944,M,USA,Florida,Home,4,No,Client,4,1282020.93,320505.2325,4617.01,1154.2525,3,1
C0281,Individual,Katherine,Phillips,3/22/1977,F,USA,California,Home,1,Yes,Agency,3,1256275.37,418758.4566666667,4165.37,1388.4566666666667,2,1
C0282,Individual,Emily,Owens,10/18/1997,F,USA,California,Investment,1,No,Website,4,973863.8,243465.95,3435.93,858.9825,3,1
C0283,Individual,Susan,Edwards,05-12-1962,F,USA,Arizona,Home,2,Yes,Agency,4,1118599.47,279649.8675,3690.16,922.54,3,1
C0284,Individual,Patrick,Owens,2/25/1977,M,USA,Arizona,Home,4,No,Client,4,1251975.85,312993.9625,3976.29,994.0725,4,0
C0285,Individual,Billy,Parker,03-09-1999,M,France,Ile-de-France,Investment,3,No,Website,4,1679056.13,419764.0325,5692.69,1423.1725,4,0
C0286,Individual,Noah,Brooks,3/24/1996,M,UK,Scotland,Home,1,No,Agency,3,859353.0900000001,286451.03,2965.81,988.6033333333334,3,0
C0287,Individual,Joan,Bell,06-10-1990,F,Australia,New South Wales,Home,5,No,Website,3,1171265.03,390421.6766666667,3617.89,1205.9633333333334,2,1
C0288,Individual,Kevin,Freeman,11-03-1997,M,USA,Colorado,Investment,4,No,Agency,4,1364289.23,341072.3075,4793.49,1198.3725,4,0
C0289,Individual,Laura,Hayes,6/14/1993,F,USA,California,Investment,5,No,Agency,4,1533862.35,383465.5875,4801.09,1200.2725,3,1
C0290,Individual,Ryan,Watson,01-01-1962,M,USA,California,Home,2,No,Website,3,1215398.18,405132.7266666666,4011.52,1337.1733333333334,2,1
C0291,Individual,James,Bryant,07-06-1953,M,USA,Nevada,Home,2,No,Agency,3,1322506.76,440835.58666666667,4571.08,1523.6933333333334,3,0
C0292,Individual,Karen,Watson,12-02-1945,F,USA,California,Home,1,No,Agency,4,1442818.3399999999,360704.58499999996,4336.25,1084.0625,4,0
C0293,Individual,Ruth,Collins,07-01-1993,F,USA,California,Investment,4,No,Website,4,1580876.65,395219.1625,5197.3099999999995,1299.3274999999999,4,0
C0294,Individual,Nicholas,Reyes,7/17/1963,M,USA,Nevada,Home,3,Yes,Website,4,1027250.91,256812.7275,3300.5299999999997,825.1324999999999,3,1
C0295,Individual,Roger,Harris,09-07-1967,M,Russia,Tatarstan,Home,3,No,Agency,3,1350375.73,450125.24333333335,4241.6,1413.8666666666668,3,0
C0296,Individual,Mark,Young,04-06-1984,M,Canada,Manitoba,Home,1,Yes,Client,3,1142875.46,380958.48666666663,3714.07,1238.0233333333333,3,0
C0297,Individual,Julia,Murray,11/19/1972,F,UK,Wales,Investment,5,No,Agency,4,1709184.75,427296.1875,5691.97,1422.9925,4,0
C0298,Individual,Sarah,Patterson,11-10-1972,F,USA,Oregon,Home,3,No,Website,4,1262479.23,315619.8075,4278.52,1069.63,3,1
C0299,Individual,Barbara,Davis,05-03-1977,F,UK,Wales,Home,5,No,Agency,4,1177661.76,294415.44,3795.0299999999997,948.7574999999999,4,0
C0300,Individual,Zachary,Peterson,04-11-1959,M,Canada,Alberta,Home,5,Yes,Website,3,844956.55,281652.18333333335,2633.89,877.9633333333333,3,0
C0301,Individual,Lisa,Alexander,03-02-1959,F,USA,Virginia,Home,4,No,Agency,3,1045776.52,348592.17333333334,3859.28,1286.4266666666667,3,0
C0302,Individual,Maria,Edwards,7/25/1976,F,USA,Utah,Investment,1,No,Agency,4,1654300.33,413575.0825,4956.58,1239.145,2,2
C0303,Individual,Betty,Owens,07-10-1957,F,USA,Virginia,Investment,5,Yes,Website,4,1519113.12,379778.28,4968.33,1242.0825,3,1
C0304,Individual,Patrick,Morris,12/22/1959,M,USA,California,Investment,1,No,Agency,4,1685753.28,421438.32,5334.25,1333.5625,4,0
C0305,Individual,Emily,Kim,11/22/1995,F,USA,Arizona,Home,1,No,Website,3,1327736.23,442578.74333333335,4479.73,1493.243333333333,2,1
C0306,Individual,Samuel,Foster,04-05-1988,M,USA,California,Home,1,No,Client,4,1399698.79,349924.6975,4302.0199999999995,1075.5049999999999,3,1
C0307,Individual,Samuel,Freeman,10/13/1992,M,USA,California,Home,5,Yes,Client,4,1490170.3800000001,372542.59500000003,4668.42,1167.105,3,1
C0308,Individual,Catherine,Roberts,10-10-1972,F,Belgium,Flanders,Investment,4,Yes,Agency,3,1176582.54,392194.18,4031.45,1343.8166666666666,3,0
C0309,Individual,Stephanie,Cox,10/15/1957,F,USA,Washington,Home,4,No,Agency,3,1382649.58,460883.19333333336,4236.65,1412.2166666666665,2,1
C0310,Individual,Edward,Weaver,05-02-1992,M,UK,Northern Ireland,Home,3,No,Website,3,1389329.62,463109.87333333335,4695.97,1565.3233333333335,3,0
C0311,Individual,Justin,Anderson,03-09-1952,M,USA,Georgia,Home,2,No,Website,4,1632999.56,408249.89,5251.29,1312.8225,3,1
C0312,Individual,Zachary,Cooper,1/14/1941,M,USA,Nevada,Home,3,Yes,Website,4,1105668.66,276417.165,3849.2799999999997,962.3199999999999,4,0
C0313,Company,Stratos,Co,04-12-1974,M,USA,California,Home,1,No,Agency,3,1091085.9300000002,363695.31000000006,3570.94,1190.3133333333333,2,1
C0314,Individual,Andrew,Jones,8/23/1982,M,USA,Washington,Investment,4,No,Agency,3,1040795.02,346931.67333333334,3415.27,1138.4233333333334,2,1
C0315,Individual,Michael,Phillips,3/18/1987,M,Mexico,Baja California,Investment,5,No,Website,4,1178606.56,294651.64,3918.71,979.6775,3,1
C0316,Individual,Brandon,Martin,4/14/1997,M,UK,Scotland,Investment,4,Yes,Website,4,1792447.27,448111.8175,5355.599999999999,1338.8999999999999,3,1
C0317,Individual,Amber,Hansen,11/17/1999,F,USA,California,Investment,2,Yes,Website,3,1248444.31,416148.10333333333,4353.76,1451.2533333333333,3,0
C0318,Individual,Amy,Peterson,3/22/1974,F,Germany,Berlin,Home,5,No,Website,3,871968.67,290656.2233333333,2782.8199999999997,927.6066666666666,3,0
C0319,Company,Zynex,Co,11-12-1995,F,USA,Texas,Home,5,Yes,Website,4,2061054.65,515263.6625,6904.23,1726.0575,3,1
C0320,Individual,Tyler,Cox,12-01-1984,M,USA,Texas,Home,3,Yes,Client,3,1317732.09,439244.03,4397.76,1465.92,2,1
C0321,Individual,Jesse,Cook,01-12-1992,M,USA,California,Investment,2,No,Agency,4,1701753.71,425438.4275,5287.04,1321.76,4,0
C0322,Individual,Deborah,Moore,12/25/1996,F,USA,California,Home,2,Yes,Website,3,1347002.93,449000.9766666666,4335.88,1445.2933333333333,2,1
C0323,Individual,Samantha,Hayes,9/16/1975,F,USA,California,Investment,2,Yes,Website,3,1230825.62,410275.2066666667,3925.54,1308.5133333333333,2,1
C0324,Individual,Raymond,Parker,6/14/1993,M,USA,Washington,Home,4,No,Website,3,1147121.25,382373.75,3939.48,1313.16,2,1
C0325,Individual,Maria,Flores,2/24/1983,F,USA,California,Home,5,Yes,Agency,4,1205175.56,301293.89,4120.49,1030.1225,2,2
C0326,Individual,Daniel,Reed,05-10-1958,M,USA,Oregon,Investment,4,Yes,Agency,4,1321975.5,330493.875,4112.51,1028.1275,4,0
C0327,Individual,Elizabeth,Ward,07-09-1961,F,UK,Scotland,Home,1,No,Agency,4,1116366.72,279091.68,3733.42,933.355,4,0
C0328,Individual,William,Young,10/22/1946,M,USA,California,Home,1,Yes,Client,4,1356560.31,339140.0775,4120.84,1030.21,4,0
C0329,Individual,Diane,Morales,10-05-1998,F,Germany,Hesse,Home,3,No,Agency,3,770062.4,256687.46666666667,2768.0,922.6666666666666,3,0
C0330,Individual,Christian,Richardson,6/21/1975,M,USA,California,Home,1,No,Website,4,1331463.63,332865.9075,4587.97,1146.9925,4,0
C0331,Individual,Ann,Martin,5/23/1984,F,USA,California,Investment,3,No,Agency,4,1546334.4,386583.6,5039.8,1259.95,3,1
C0332,Individual,Christopher,Price,12/15/1989,M,USA,Texas,Investment,3,No,Website,3,1209987.46,403329.1533333333,4306.99,1435.6633333333332,2,1
C0333,Individual,Helen,Hall,12/23/1955,F,UK,Wales,Home,3,No,Website,3,1118960.06,372986.6866666667,3610.17,1203.39,2,1
C0334,Individual,Andrew,Roberts,08-01-1950,M,USA,Arizona,Investment,3,No,Agency,4,1445655.93,361413.9825,4191.96,1047.99,2,2
C0335,Individual,Charles,Morris,12/24/1975,M,USA,Arizona,Home,4,No,Website,4,1478341.12,369585.28,4761.63,1190.4075,2,2
C0336,Individual,Karen,Price,11/17/1971,F,USA,California,Investment,5,No,Agency,3,1163690.5899999999,387896.8633333333,3680.63,1226.8766666666668,3,0
C0337,Individual,Nathan,Alexander,1/27/1942,M,USA,Arizona,Home,3,Yes,Website,3,759310.2,253103.4,2680.13,893.3766666666667,3,0
C0338,Individual,Patrick,Flores,5/28/1943,M,USA,California,Home,5,Yes,Website,4,1488671.1300000001,372167.78250000003,4908.68,1227.17,2,2
C0339,Individual,Keith,King,10-05-1963,M,USA,Utah,Investment,5,No,Agency,4,1548824.23,387206.0575,4680.54,1170.135,4,0
C0340,Individual,Daniel,Garcia,11/25/1940,M,USA,California,Investment,2,No,Agency,3,1047500.4199999999,349166.80666666664,3790.73,1263.5766666666666,3,0
C0341,Individual,Carl,Chavez,11-10-1982,M,USA,California,Investment,4,No,Agency,4,1679555.42,419888.855,5172.29,1293.0725,4,0
C0342,Individual,Kevin,Hughes,8/15/1974,M,USA,California,Investment,2,No,Client,3,1290567.3900000001,430189.13000000006,3859.29,1286.43,3,0
C0343,Individual,Joyce,Thompson,6/17/1952,F,USA,California,Home,2,No,Website,4,1630923.97,407730.9925,5498.34,1374.585,4,0
C0344,Individual,Joshua,Jackson,5/13/1997,M,Canada,British Columbia,Home,2,Yes,Website,4,1276344.68,319086.17,4239.75,1059.9375,4,0
C0345,Individual,Stephanie,Hall,9/15/1969,F,USA,New York,Home,4,Yes,Website,3,1339687.25,446562.4166666667,4531.13,1510.3766666666668,2,1
C0346,Individual,Amy,Nelson,06-02-1963,F,USA,California,Home,5,No,Agency,3,1174812.8599999999,391604.2866666666,3815.01,1271.67,3,0
C0347,Individual,Mark,Reyes,5/24/1992,M,USA,Washington,Home,3,Yes,Website,3,1378006.45,459335.48333333334,4414.860000000001,1471.6200000000001,1,2
C0348,Individual,Jack,Pierce,2/13/1982,M,USA,Colorado,Investment,5,Yes,Agency,4,1482633.92,370658.48,4986.83,1246.7075,4,0
C0349,Individual,Paul,Jackson,6/26/1975,M,USA,Arizona,Home,2,Yes,Agency,3,1065745.84,355248.61333333334,3373.5,1124.5,2,1
C0350,Individual,Richard,Jones,12-11-1992,M,USA,Arizona,Home,2,No,Agency,3,1066408.3,355469.43333333335,3618.8199999999997,1206.2733333333333,2,1
C0351,Individual,Michelle,Watson,12/27/1961,F,USA,Oregon,Home,5,No,Agency,4,1551113.76,387778.44,5040.25,1260.0625,3,1
C0352,Individual,Judith,Williams,6/22/1977,F,USA,Nevada,Investment,3,No,Agency,3,1339830.04,446610.01333333337,4343.46,1447.82,3,0
C0353,Individual,Anna,Murray,4/24/1964,F,USA,Arizona,Home,2,No,Agency,3,889855.16,296618.38666666666,2942.6099999999997,980.8699999999999,3,0
C0354,Individual,Kimberly,Turner,10/23/1998,F,USA,California,Home,4,No,Website,3,962196.6000000001,320732.2,3177.45,1059.1499999999999,2,1
C0355,Individual,Henry,Alexander,10/16/1951,M,Mexico,Baja California,Investment,1,No,Website,3,1029593.97,343197.99,3820.35,1273.45,3,0
C0356,Individual,Andrea,Kim,06-06-1976,F,USA,Georgia,Home,3,No,Website,4,964351.9,241087.975,3264.64,816.16,4,0
C0357,Individual,Danielle,Griffin,04-09-1988,F,USA,California,Home,3,No,Website,3,970629.22,323543.0733333333,3178.04,1059.3466666666666,2,1
C0358,Individual,Katherine,Griffin,9/26/1978,F,Australia,New South Wales,Home,3,Yes,Agency,3,1150919.74,383639.91333333333,3721.8199999999997,1240.6066666666666,2,1
C0359,Individual,Julie,Cooper,03-10-1951,F,USA,California,Investment,1,No,Agency,3,1098189.8900000001,366063.2966666667,3925.54,1308.5133333333333,3,0
C0360,Individual,Laura,Baker,09-09-1948,F,USA,Utah,Home,2,Yes,Agency,4,1978026.48,494506.62,6705.53,1676.3825,4,0
C0361,Individual,Nicholas,Miller,09-08-1958,M,UK,England,Home,1,Yes,Website,4,1468372.25,367093.0625,4890.389999999999,1222.5974999999999,3,1
C0362,Individual,Betty,Moore,09-06-2000,F,USA,Utah,Home,4,No,Website,3,1129669.4,376556.4666666666,3487.85,1162.6166666666666,3,0
C0363,Individual,Christine,Edwards,1/25/1959,F,USA,Utah,Investment,2,No,Client,4,1232301.44,308075.36,3718.79,929.6975,3,1
C0364,Individual,George,Gray,03-02-1944,M,USA,Texas,Home,2,No,Website,4,1492505.18,373126.295,5047.12,1261.78,2,2
C0365,Individual,Brandon,Morales,02-11-1962,M,USA,Colorado,Investment,5,No,Agency,3,951259.9,317086.63333333336,3494.9300000000003,1164.9766666666667,3,0
C0366,Individual,Keith,Long,4/26/1983,M,USA,California,Home,4,No,Website,3,1420135.32,473378.44,4356.79,1452.2633333333333,1,2
C0367,Individual,Samuel,Collins,11/25/1964,M,USA,California,Investment,4,No,Agency,4,1662617.88,415654.47,5076.26,1269.065,2,2
C0368,Individual,Betty,Scott,08-11-1992,F,USA,California,Home,4,Yes,Agency,4,1494552.45,373638.1125,4544.86,1136.215,3,1
C0369,Individual,Helen,Murray,10-01-1954,F,USA,Utah,Home,2,Yes,Agency,4,1586439.08,396609.77,5334.25,1333.5625,4,0
C0370,Individual,Michelle,Brooks,9/23/1957,F,Russia,Krasnodar Krai,Home,1,No,Website,4,1613633.3900000001,403408.34750000003,5339.51,1334.8775,4,0
C0371,Individual,Ryan,Moore,3/15/1970,M,Belgium,Wallonia,Investment,3,No,Agency,3,827208.61,275736.2033333333,2528.04,842.68,2,1
C0372,Individual,Teresa,Nelson,4/22/1952,F,Belgium,Flanders,Investment,1,No,Agency,3,1280128.06,426709.35333333333,4085.23,1361.7433333333333,3,0
C0373,Individual,Karen,Morales,1/27/1993,F,USA,Georgia,Home,2,No,Agency,3,1047277.1799999999,349092.3933333333,3481.54,1160.5133333333333,2,1
C0374,Individual,Madison,Hughes,11-07-1993,F,Australia,New South Wales,Investment,4,Yes,Agency,4,916825.86,229206.465,2940.44,735.11,3,1
C0375,Individual,Kyle,Thompson,7/15/1968,M,USA,California,Investment,4,No,Website,3,1178580.6400000001,392860.2133333334,3674.04,1224.68,2,1
C0376,Individual,Shirley,Smith,4/19/1953,F,USA,California,Home,3,No,Website,3,1182808.29,394269.43,4085.23,1361.7433333333333,2,1
C0377,Individual,Charles,Patterson,5/14/1998,M,USA,Washington,Home,4,No,Website,3,822780.32,274260.10666666663,2712.1400000000003,904.0466666666667,2,1
C0378,Individual,Heather,Anderson,11/28/1957,F,USA,California,Investment,3,Yes,Website,3,812387.51,270795.83666666667,2950.28,983.4266666666667,3,0
C0379,Company,Optima,Co,4/22/1977,M,USA,California,Investment,2,Yes,Client,4,1254919.3599999999,313729.83999999997,4462.02,1115.505,3,1
C0380,Individual,Evelyn,Chavez,9/13/1973,F,USA,California,Home,3,Yes,Website,3,939708.87,313236.29,3526.3500000000004,1175.45,2,1
C0381,Individual,David,Gray,01-08-1961,M,USA,California,Home,5,Yes,Agency,3,878913.19,292971.0633333333,3564.7,1188.2333333333333,3,0
C0382,Individual,Nicholas,Garcia,08-08-1975,M,USA,California,Investment,1,Yes,Agency,3,980139.25,326713.0833333333,2942.6099999999997,980.8699999999999,2,1
C0383,Company,Novex,Co,11-09-1985,F,Mexico,Mexico City,Investment,3,No,Agency,4,968070.64,242017.66,3238.63,809.6575,4,0
C0384,Individual,Amy,Stewart,3/22/1944,F,USA,California,Home,3,Yes,Website,3,1010761.74,336920.58,3148.14,1049.3799999999999,3,0
C0385,Individual,Douglas,Owens,01-12-1969,M,UK,Northern Ireland,Investment,4,No,Website,3,1289646.4100000001,429882.1366666667,3831.8199999999997,1277.2733333333333,3,0
C0386,Individual,Carol,Stewart,3/25/1976,F,USA,Colorado,Home,2,No,Client,3,1633972.21,544657.4033333333,4335.24,1445.08,1,2
C0387,Individual,Jessica,Owens,7/18/1974,F,USA,California,Home,2,Yes,Website,4,1992983.55,498245.8875,6221.1900000000005,1555.2975000000001,4,0
C0388,Individual,Zachary,Cox,9/24/1995,M,USA,California,Home,4,No,Agency,3,961894.92,320631.64,2927.83,975.9433333333333,2,1
C0389,Individual,Ronald,Stone,11/18/1954,M,USA,Colorado,Home,3,No,Website,4,1261549.0899999999,315387.27249999996,4476.360000000001,1119.0900000000001,2,2
C0390,Individual,Steven,Griffin,4/23/1942,M,Canada,Quebec,Investment,2,No,Website,4,1678762.0699999998,419690.51749999996,5181.0599999999995,1295.2649999999999,3,1
C0391,Individual,Heather,Long,11-12-1966,F,USA,California,Home,5,No,Agency,3,1035012.9099999999,345004.3033333333,3193.25,1064.4166666666667,3,0
C0392,Individual,Katherine,Adams,6/14/1977,F,USA,Arizona,Home,2,Yes,Website,4,1015830.03,253957.5075,3690.6400000000003,922.6600000000001,4,0
C0393,Individual,Nicole,Allen,06-08-1988,F,USA,Arizona,Home,4,No,Agency,4,1616556.78,404139.195,5192.58,1298.145,3,1
C0394,Individual,Shirley,Foster,11/24/1954,F,USA,Colorado,Home,3,Yes,Website,4,1258840.0,314710.0,4167.21,1041.8025,3,1
C0395,Individual,Deborah,Chavez,1/17/1959,F,USA,Florida,Home,1,No,Website,3,1153134.48,384378.16,3910.42,1303.4733333333334,2,1
C0396,Individual,Charles,Allen,4/17/2000,M,USA,Nevada,Home,5,No,Agency,4,1181447.25,295361.8125,3585.0099999999998,896.2524999999999,4,0
C0397,Individual,Hannah,Williams,9/18/2000,F,USA,California,Home,5,No,Website,3,793543.27,264514.42333333334,2586.33,862.11,3,0
C0398,Individual,Jennifer,Alexander,12/22/1948,F,USA,Texas,Home,1,Yes,Agency,4,1186693.85,296673.4625,3743.06,935.765,3,1
C0399,Individual,Albert,Kim,06-09-1984,M,USA,California,Home,4,No,Agency,4,1229057.49,307264.3725,4372.2,1093.05,3,1
C0400,Individual,Brandon,Anderson,11/25/1959,M,USA,California,Home,4,No,Agency,4,1360152.99,340038.2475,4956.58,1239.145,4,0
C0401,Individual,Brian,Anderson,7/21/1969,M,USA,Arizona,Home,5,Yes,Website,4,1020913.0700000001,255228.26750000002,3412.28,853.07,4,0
C0402,Individual,Brenda,Garcia,2/22/1941,F,USA,Georgia,Home,5,No,Website,3,1054166.95,351388.98333333334,3308.59,1102.8633333333335,3,0
C0403,Individual,Jennifer,Adams,3/25/1963,F,Australia,New South Wales,Home,1,No,Website,3,878792.98,292930.99333333335,3182.92,1060.9733333333334,2,1
C0404,Individual,Sara,Cook,12-05-1976,F,France,Normandy,Investment,1,No,Client,3,731788.96,243929.65333333332,2259.94,753.3133333333334,3,0
C0405,Company,Horizon,Co,12/25/1969,M,USA,Colorado,Home,1,No,Agency,4,1310963.25,327740.8125,4561.52,1140.38,4,0
C0406,Individual,Christine,Brown,5/26/1960,F,USA,Colorado,Home,3,No,Website,4,1317165.12,329291.28,4360.77,1090.1925,3,1
C0407,Individual,Lisa,Freeman,4/23/1982,F,USA,California,Home,2,No,Client,4,1254494.91,313623.7275,4183.21,1045.8025,4,0
C0408,Individual,Tyler,Rogers,02-03-1977,M,USA,California,Home,3,No,Website,3,1320497.01,440165.67,4239.18,1413.0600000000002,3,0
C0409,Individual,Timothy,Reyes,9/18/1972,M,USA,Nevada,Home,1,Yes,Website,4,1816669.2,454167.3,5797.51,1449.3775,2,2
C0410,Individual,Diane,Johnson,7/13/1982,F,Russia,Saint Petersburg,Home,5,Yes,Agency,3,1021706.02,340568.67333333334,3567.5699999999997,1189.1899999999998,3,0
C0411,Individual,Amanda,Moore,05-09-1983,F,USA,California,Home,2,No,Website,3,896987.21,298995.73666666663,2651.2400000000002,883.7466666666668,1,2
C0412,Individual,Karen,Richardson,4/24/1984,F,UK,Scotland,Home,5,No,Website,3,1100376.25,366792.0833333333,3782.51,1260.8366666666668,3,0
C0413,Individual,Brandon,Smith,07-11-1940,M,Canada,British Columbia,Home,3,No,Website,4,1769126.22,442281.555,5725.83,1431.4575,4,0
C0414,Individual,Brandon,Reed,12-07-1962,M,USA,California,Home,4,No,Website,4,1412148.94,353037.235,4578.96,1144.74,3,1
C0415,Individual,Grace,Turner,07-09-1980,F,USA,Nevada,Home,5,Yes,Agency,4,1305928.3499999999,326482.08749999997,4372.2,1093.05,4,0
C0416,Company,Bravada,Co,7/28/1981,M,Germany,North Rhine-Westphalia,Investment,5,Yes,Client,3,1059532.51,353177.50333333336,3782.51,1260.8366666666668,3,0
C0417,Individual,Peter,Collins,12-03-1947,M,USA,Utah,Home,2,No,Website,3,1354773.96,451591.32,4415.7,1471.8999999999999,3,0
C0418,Individual,Douglas,Howard,8/20/1996,M,USA,Arizona,Home,5,No,Agency,4,1629486.83,407371.7075,5107.29,1276.8225,4,0
C0419,Individual,Jack,Hansen,11-03-1962,M,USA,Washington,Home,3,Yes,Agency,4,1174012.19,293503.0475,3961.79,990.4475,3,1
C0420,Individual,Debra,Reyes,01-04-1994,F,USA,California,Home,5,No,Agency,3,1260096.1600000001,420032.0533333334,3990.65,1330.2166666666667,2,1
C0421,Individual,Zachary,Cox,8/25/1975,M,Germany,Hesse,Investment,5,Yes,Website,4,1495763.3699999999,373940.84249999997,4815.62,1203.905,4,0
C0422,Company,Telnox,Co,11/13/1973,F,USA,California,Home,1,Yes,Client,4,1653171.62,413292.905,5714.299999999999,1428.5749999999998,4,0
C0423,Individual,Rachel,Sanders,4/17/1950,F,USA,California,Home,1,No,Client,3,1068716.19,356238.73,3585.59,1195.1966666666667,2,1
C0424,Individual,Sarah,Stewart,12-04-1998,F,USA,Florida,Home,1,No,Website,3,1034036.3,344678.76666666666,3323.43,1107.81,3,0
C0425,Individual,Gerald,Wright,03-11-1965,M,USA,Nevada,Home,2,No,Agency,3,1256932.48,418977.49333333335,4356.79,1452.2633333333333,3,0
C0426,Individual,Julie,Brown,10-07-1953,F,USA,Oregon,Home,4,Yes,Client,3,890250.61,296750.2033333333,2622.57,874.19,3,0
C0427,Individual,Sarah,Peterson,09-06-1994,F,USA,California,Home,4,Yes,Website,4,1457016.31,364254.0775,4866.38,1216.595,4,0
C0428,Individual,Gloria,Rogers,7/20/1962,F,USA,Oregon,Home,3,No,Agency,4,984451.32,246112.83,3353.17,838.2925,4,0
C0429,Individual,Danielle,Stone,11-05-1995,F,USA,California,Home,3,Yes,Website,4,1503904.1600000001,375976.04000000004,5498.34,1374.585,3,1
C0430,Individual,Roger,Wood,10-05-1974,M,USA,Nevada,Home,2,No,Agency,3,931141.96,310380.6533333333,3099.31,1033.1033333333332,2,1
C0431,Individual,Austin,King,05-05-1969,M,USA,California,Home,5,Yes,Website,4,1544751.33,386187.8325,4986.47,1246.6175,4,0
C0432,Company,Grandis,Co,2/17/1995,M,USA,California,Home,5,No,Agency,4,1277850.15,319462.5375,4100.599999999999,1025.1499999999999,4,0
C0433,Individual,Ruth,Hughes,03-03-1969,F,USA,California,Investment,2,Yes,Website,4,1937061.37,484265.3425,6365.889999999999,1591.4724999999999,4,0
C0434,Individual,Amanda,Sanders,12/25/1964,F,Russia,Tatarstan,Home,5,No,Website,3,1364889.24,454963.08,4336.67,1445.5566666666666,3,0
C0435,Individual,Sara,Richardson,1/25/1966,F,Australia,New South Wales,Home,5,Yes,Website,3,908970.34,302990.11333333334,3231.9700000000003,1077.3233333333335,3,0
C0436,Individual,Brandon,Jones,05-12-1972,M,USA,Colorado,Home,2,Yes,Client,4,1327594.64,331898.66,4257.05,1064.2625,4,0
C0437,Individual,Danielle,James,10-05-1990,F,USA,Texas,Home,1,No,Website,3,657032.8200000001,219010.94000000003,2404.38,801.46,3,0
C0438,Individual,Gregory,Collins,10-09-1982,M,USA,Georgia,Investment,1,Yes,Client,4,1458641.1,364660.275,5047.12,1261.78,4,0
C0439,Individual,Larry,Thompson,03-08-1956,M,USA,Virginia,Home,2,No,Agency,3,1273328.62,424442.87333333335,4268.91,1422.97,2,1
C0440,Individual,Lawrence,Parker,7/13/1960,M,USA,California,Investment,1,No,Agency,3,703498.83,234499.61,2537.59,845.8633333333333,3,0
C0441,Individual,Joan,Foster,10-01-1980,F,Russia,Krasnodar Krai,Investment,1,No,Agency,4,1525849.55,381462.3875,4957.0599999999995,1239.2649999999999,3,1
C0442,Individual,Sarah,Hansen,4/14/1975,F,USA,Colorado,Home,3,Yes,Website,4,1707466.97,426866.7425,5958.92,1489.73,4,0
C0443,Individual,Noah,Foster,6/22/1950,M,Denmark,Capital Region,Home,1,Yes,Agency,3,1355839.1,451946.3666666667,4583.59,1527.8633333333335,3,0
C0444,Individual,Jennifer,Martin,3/15/1941,F,USA,California,Home,2,No,Website,4,1054514.54,263628.635,3775.88,943.97,3,1
C0445,Individual,Michelle,Evans,11-12-1995,F,USA,California,Home,2,Yes,Website,4,1425691.63,356422.9075,4407.95,1101.9875,3,1
C0446,Individual,Douglas,Thomas,02-01-1955,M,USA,Colorado,Home,2,No,Website,3,1024655.04,341551.68,3776.0699999999997,1258.6899999999998,2,1
C0447,Individual,Patricia,Johnson,6/27/1956,F,USA,New York,Home,2,No,Website,3,1543592.15,514530.7166666666,5041.58,1680.5266666666666,2,1
C0448,Individual,Mark,White,06-10-1980,M,USA,Nevada,Investment,2,No,Agency,3,942066.48,314022.16,3150.24,1050.08,3,0
C0449,Individual,Jordan,King,6/24/1972,M,USA,Oregon,Investment,2,No,Agency,3,1418922.44,472974.14666666667,4512.84,1504.28,1,2
C0450,Individual,Matthew,Jackson,2/19/1992,M,Mexico,Nuevo Leon,Home,3,No,Website,4,1555297.3699999999,388824.34249999997,5034.33,1258.5825,4,0
C0451,Individual,Larry,Anderson,9/20/1985,M,Canada,Alberta,Investment,5,Yes,Client,4,1665967.4100000001,416491.85250000004,5358.78,1339.695,3,1
C0452,Individual,Brandon,Adams,10/17/1967,M,USA,Washington,Home,3,No,Website,4,1398358.69,349589.6725,4344.91,1086.2275,4,0
C0453,Individual,Carl,Wood,4/16/1993,M,UK,Scotland,Investment,1,No,Website,4,1321010.76,330252.69,4413.21,1103.3025,4,0
C0454,Company,Altira,Co,04-01-1961,F,USA,Nevada,Investment,4,No,Agency,3,980683.73,326894.57666666666,3217.45,1072.4833333333333,3,0
C0455,Individual,Karen,Williams,02-01-1963,F,USA,California,Home,1,No,Agency,4,1125726.62,281431.655,3353.17,838.2925,4,0
C0456,Individual,Virginia,Brooks,11/18/1995,F,USA,Oregon,Home,3,Yes,Website,3,1349210.55,449736.85000000003,4346.46,1448.82,3,0
C0457,Individual,Kenneth,Hansen,7/19/1980,M,UK,Wales,Investment,1,No,Agency,3,1399940.21,466646.73666666663,4373.5,1457.8333333333333,3,0
C0458,Individual,Thomas,Turner,07-04-1995,M,USA,Oregon,Investment,1,No,Agency,4,1382881.81,345720.4525,4493.27,1123.3175,3,1
C0459,Individual,Steven,Johnson,3/23/1955,M,USA,California,Home,3,No,Agency,3,821716.14,273905.38,2836.95,945.65,2,1
C0460,Individual,Amanda,Cox,12/25/1992,F,USA,Virginia,Home,1,No,Website,3,1061349.03,353783.01,3236.3599999999997,1078.7866666666666,2,1
C0461,Individual,Jonathan,Peterson,2/16/1960,M,USA,Arizona,Home,1,No,Agency,3,986630.39,328876.7966666667,3472.41,1157.47,2,1
C0462,Individual,Eric,White,10/22/1943,M,Australia,Victoria,Home,2,No,Agency,4,1606667.68,401666.92,5264.15,1316.0375,4,0
C0463,Individual,Nicholas,Garcia,6/13/1970,M,USA,California,Home,5,No,Client,4,1235094.73,308773.6825,3957.84,989.46,3,1
C0464,Individual,Gregory,Turner,12-11-1974,M,USA,Florida,Home,5,No,Website,4,1455550.0,363887.5,5107.29,1276.8225,3,1
C0465,Individual,George,Carter,09-02-1949,M,USA,California,Home,3,No,Website,3,707799.9199999999,235933.30666666664,2517.4300000000003,839.1433333333334,3,0
C0466,Individual,Patricia,Cox,5/19/1988,F,USA,Virginia,Investment,2,No,Website,4,1228651.21,307162.8025,4120.84,1030.21,3,1
C0467,Individual,Rebecca,Chavez,04-05-1952,F,USA,Ohio,Home,1,Yes,Agency,3,976066.93,325355.64333333337,3467.09,1155.6966666666667,3,0
C0468,Individual,Raymond,Smith,11/13/1952,M,Mexico,Jalisco,Investment,3,Yes,Website,3,1267396.7999999998,422465.5999999999,4158.96,1386.32,2,1
C0469,Individual,Adam,Foster,3/23/1997,M,USA,California,Home,2,No,Website,4,1518476.47,379619.1175,5061.53,1265.3825,4,0
C0470,Individual,Joan,Anderson,2/17/1963,F,USA,Oregon,Home,1,No,Agency,3,862552.54,287517.51333333337,2651.24,883.7466666666666,3,0
C0471,Individual,Gary,Collins,6/26/1984,M,USA,Utah,Investment,3,No,Agency,3,1084997.39,361665.79666666663,3628.92,1209.64,1,2
C0472,Individual,Edward,Moore,10-04-1951,M,USA,California,Home,4,No,Website,3,1277486.3699999999,425828.79,4182.63,1394.21,3,0
C0473,Individual,Sharon,Price,08-09-1981,F,USA,California,Home,3,No,Agency,4,1304527.6600000001,326131.91500000004,4170.9,1042.725,4,0
C0474,Individual,Gregory,Young,12-08-1995,M,USA,Nevada,Home,1,No,Website,4,962015.29,240503.8225,3296.81,824.2025,3,1
C0475,Individual,William,Brooks,8/18/1946,M,Belgium,Wallonia,Investment,2,Yes,Agency,3,1234470.16,411490.0533333333,4114.84,1371.6133333333335,1,2
C0476,Individual,Steven,Johnson,04-05-1997,M,USA,Florida,Home,3,No,Agency,4,1485303.01,371325.7525,5197.47,1299.3675,3,1
C0477,Individual,Jesse,Stone,02-01-1984,M,USA,California,Investment,4,Yes,Website,3,1535114.88,511704.95999999996,4356.79,1452.2633333333333,2,1
C0478,Individual,Ashley,Garcia,08-02-1940,F,USA,Ohio,Investment,4,No,Website,3,774892.79,258297.59666666668,2992.24,997.4133333333333,2,1
C0479,Individual,Virginia,Wright,04-06-1978,F,USA,California,Home,2,Yes,Agency,4,1172782.93,293195.7325,3826.69,956.6725,3,1
C0480,Individual,Scott,Bryant,9/16/1974,M,USA,California,Home,4,Yes,Website,4,1033261.03,258315.2575,3308.8,827.2,4,0
C0481,Individual,Sean,Williams,12-12-1976,M,USA,Arizona,Home,3,No,Agency,4,1365460.24,341365.06,4163.5599999999995,1040.8899999999999,3,1
C0482,Individual,Deborah,Brown,10-08-1980,F,USA,New York,Investment,3,Yes,Agency,3,1006132.77,335377.59,3466.39,1155.4633333333334,2,1
C0483,Individual,Kevin,Jackson,11-08-1985,M,USA,Arizona,Investment,1,No,Website,3,881113.79,293704.5966666667,2804.62,934.8733333333333,3,0
C0484,Individual,Janet,Wright,4/19/1989,F,USA,Texas,Investment,3,No,Website,4,1313240.67,328310.1675,4456.42,1114.105,3,1
C0485,Individual,Julia,Morales,10-07-1991,F,USA,Arizona,Home,2,No,Website,3,1000841.1799999999,333613.7266666666,3434.41,1144.8033333333333,3,0
C0486,Individual,Billy,Carter,9/16/1999,M,USA,California,Investment,2,Yes,Website,3,1090587.66,363529.22,3526.3500000000004,1175.45,3,0
C0487,Individual,Jessica,Williams,10/23/1991,F,USA,Washington,Home,5,No,Website,4,1576272.71,394068.1775,5180.39,1295.0975,3,1
C0488,Individual,Megan,Jackson,05-11-1979,F,USA,California,Investment,4,No,Agency,4,1218265.3599999999,304566.33999999997,3963.9500000000003,990.9875000000001,3,1
C0489,Individual,Austin,Jordan,06-08-1950,M,Germany,Berlin,Investment,2,No,Website,3,1025274.77,341758.25666666665,3308.59,1102.8633333333335,3,0
C0490,Individual,Emily,Wright,1/23/1954,F,USA,Nevada,Investment,5,Yes,Website,3,1292367.93,430789.31,3721.8199999999997,1240.6066666666666,3,0
C0491,Individual,Noah,White,08-05-1941,M,USA,Washington,Home,2,No,Website,3,1106379.8,368793.26666666666,3505.15,1168.3833333333334,3,0
C0492,Individual,Raymond,Price,05-07-2000,M,USA,Utah,Home,3,Yes,Website,4,1300917.1,325229.275,4034.65,1008.6625,4,0
C0493,Individual,Tyler,Hughes,07-06-1954,M,USA,Colorado,Home,3,No,Website,4,1312198.98,328049.745,4564.9,1141.225,3,1
C0494,Individual,Grace,Carter,08-03-1990,F,USA,California,Home,3,Yes,Website,4,1052676.65,263169.1625,3644.17,911.0425,4,0
C0495,Individual,Jerry,Hall,2/18/1954,M,USA,California,Investment,5,No,Client,4,1246742.44,311685.61,3939.81,984.9525,4,0
C0496,Individual,Billy,Reyes,01-04-1990,M,USA,California,Home,4,No,Agency,4,1120376.44,280094.11,3790.9900000000002,947.7475000000001,4,0
C0497,Individual,Emma,Stewart,02-02-1985,F,USA,Arizona,Investment,4,Yes,Website,3,1330684.99,443561.66333333333,4314.88,1438.2933333333333,2,1
C0498,Individual,Nancy,Collins,11/21/1948,F,Canada,Alberta,Home,2,Yes,Website,3,1007455.29,335818.43,3775.2,1258.3999999999999,2,1
C0499,Individual,Lisa,Patterson,02-10-1946,F,USA,Colorado,Home,3,Yes,Agency,3,897769.81,299256.60333333333,2591.29,863.7633333333333,2,1
C0500,Individual,Dennis,Howard,3/15/1977,M,USA,California,Home,4,Yes,Website,3,1294944.52,431648.17333333334,4314.88,1438.2933333333333,2,1
C0501,Individual,Kenneth,Jackson,11-12-1995,M,USA,Nevada,Investment,5,Yes,Agency,4,1741166.27,435291.5675,5817.4,1454.35,3,1
C0502,Individual,Madison,Gray,11/28/1966,F,USA,Arizona,Home,4,No,Website,4,1537989.75,384497.4375,5297.54,1324.385,2,2
C0503,Individual,Keith,Peterson,9/26/1943,M,USA,Utah,Investment,2,Yes,Client,4,1432167.34,358041.835,4542.12,1135.53,3,1
C0504,Individual,Jeffrey,Green,1/14/1992,M,USA,Utah,Home,2,No,Website,4,1367188.58,341797.145,4434.43,1108.6075,4,0
C0505,Individual,Katherine,Wilson,7/18/1995,F,USA,Arizona,Home,3,No,Agency,3,1043535.21,347845.07,3375.51,1125.17,3,0
C0506,Individual,Albert,Stone,07-04-1967,M,USA,California,Home,5,No,Agency,3,1122203.03,374067.6766666667,3802.2200000000003,1267.4066666666668,2,1
C0507,Individual,Mark,Morales,2/26/1951,M,USA,New York,Home,3,No,Website,3,1062656.6099999999,354218.86999999994,3664.15,1221.3833333333334,3,0
C0508,Individual,Grace,Weaver,01-06-1970,F,USA,Nevada,Home,5,No,Agency,3,833710.06,277903.35333333333,2701.85,900.6166666666667,2,1
C0509,Individual,Aaron,Cook,04-02-1956,M,Belgium,Wallonia,Home,3,No,Website,4,1687930.25,421982.5625,5333.110000000001,1333.2775000000001,3,1
C0510,Individual,Samantha,Evans,8/28/1947,F,France,Brittany,Investment,1,Yes,Website,3,1094232.67,364744.2233333333,3731.47,1243.8233333333333,3,0
C0511,Individual,Christine,Parker,7/20/1954,F,UK,England,Home,2,No,Website,3,1090537.6,363512.5333333334,3538.5699999999997,1179.5233333333333,1,2
C0512,Individual,Hannah,Flores,6/27/1945,F,USA,Arizona,Home,1,No,Client,3,1448158.1400000001,482719.38000000006,4963.42,1654.4733333333334,3,0
C0513,Individual,Christian,Morales,03-07-1999,M,USA,Florida,Home,2,Yes,Agency,3,974596.63,324865.54333333333,3148.54,1049.5133333333333,3,0
C0514,Individual,Rebecca,Evans,8/17/1977,F,USA,Oregon,Home,1,Yes,Website,4,1528027.54,382006.885,5264.15,1316.0375,2,2
C0515,Individual,Melissa,Patterson,09-12-1963,F,USA,California,Home,1,Yes,Website,4,1561824.93,390456.2325,5371.17,1342.7925,4,0
C0516,Individual,Lawrence,Nelson,4/21/1946,M,USA,Utah,Home,3,No,Website,4,1437837.49,359459.3725,4787.5599999999995,1196.8899999999999,3,1
C0517,Individual,Harold,Thompson,3/20/1959,M,USA,California,Home,5,No,Client,4,1115807.0,278951.75,3757.95,939.4875,4,0
C0518,Company,Lumina,Co,5/22/1962,F,USA,New York,Home,3,No,Website,4,1633111.65,408277.9125,4787.889999999999,1196.9724999999999,4,0
C0519,Individual,Madison,Freeman,10-04-1975,F,USA,Arizona,Investment,3,No,Agency,3,981719.26,327239.75333333336,3326.9900000000002,1108.9966666666667,3,0
C0520,Individual,Helen,White,02-11-1970,F,USA,Oregon,Home,3,Yes,Agency,3,1033523.16,344507.72000000003,3326.9900000000002,1108.9966666666667,3,0
C0521,Individual,Stephanie,Allen,04-02-1967,F,Canada,British Columbia,Home,3,No,Website,4,1074306.5,268576.625,3490.7200000000003,872.6800000000001,4,0
C0522,Individual,Nicole,Campbell,7/13/1942,F,USA,Virginia,Home,5,No,Agency,3,993023.13,331007.71,3721.8199999999997,1240.6066666666666,2,1
C0523,Individual,Cynthia,Hansen,8/22/1960,F,USA,Colorado,Home,2,No,Agency,3,928962.95,309654.31666666665,3175.99,1058.6633333333332,1,2
C0524,Individual,Harold,Thompson,5/24/1953,M,USA,Washington,Home,3,No,Website,3,801104.6900000001,267034.89666666667,2691.9300000000003,897.3100000000001,3,0
C0525,Individual,Frank,Gray,06-12-1950,M,USA,Arizona,Home,4,Yes,Agency,4,1629457.52,407364.38,5197.3099999999995,1299.3274999999999,3,1
C0526,Individual,Harold,Green,2/28/1968,M,Germany,Bavaria,Home,5,No,Website,3,1301139.77,433713.25666666665,4776.37,1592.1233333333332,2,1
C0527,Individual,Andrew,Baker,7/19/1979,M,USA,California,Home,2,No,Website,3,1138099.7,379366.56666666665,3898.61,1299.5366666666666,3,0
C0528,Individual,Benjamin,Davis,08-09-2000,M,USA,Washington,Investment,2,No,Client,3,1118472.87,372824.29000000004,3618.8199999999997,1206.2733333333333,2,1
C0529,Individual,Paul,Jordan,11/14/1973,M,USA,Nevada,Home,4,Yes,Website,4,1268138.95,317034.7375,4392.67,1098.1675,4,0
C0530,Individual,Patricia,Reed,09-07-1952,F,USA,Utah,Home,2,Yes,Agency,4,1559124.69,389781.1725,4986.83,1246.7075,4,0
C0531,Individual,Emily,White,9/19/1976,F,USA,California,Home,1,No,Website,4,1911300.7799999998,477825.19499999995,6042.6,1510.65,4,0
C0532,Individual,Lauren,Moore,08-12-1979,F,Belgium,Flanders,Home,2,No,Website,4,1075202.77,268800.6925,3963.9500000000003,990.9875000000001,3,1
C0533,Individual,Jeffrey,Williams,09-06-1963,M,USA,Nevada,Investment,1,No,Agency,4,990028.19,247507.0475,3149.84,787.46,3,1
C0534,Individual,Bryan,Miller,2/21/1958,M,USA,California,Investment,1,No,Agency,3,1133195.2,377731.73333333334,4114.84,1371.6133333333335,2,1
C0535,Individual,Judith,Allen,12/22/1987,F,UK,Wales,Home,3,No,Agency,3,1299053.94,433017.98,4158.96,1386.32,3,0
C0536,Individual,Brittany,Weaver,3/14/1956,F,USA,Arizona,Investment,5,Yes,Website,3,983106.8400000001,327702.28,3313.53,1104.51,2,1
C0537,Individual,Carl,Baker,4/25/1962,M,USA,Florida,Home,2,No,Client,4,1490327.5,372581.875,4956.58,1239.145,2,2
C0538,Individual,Richard,Pierce,4/23/1969,M,USA,California,Home,1,Yes,Agency,4,1206897.7000000002,301724.42500000005,4413.29,1103.3225,3,1
C0539,Individual,Lawrence,Bryant,2/25/1991,M,USA,California,Investment,1,Yes,Agency,4,1645321.2,411330.3,5355.599999999999,1338.8999999999999,3,1
C0540,Individual,Anna,Long,2/27/1997,F,USA,New York,Home,3,No,Agency,3,494173.31,164724.43666666668,1731.73,577.2433333333333,2,1
C0541,Individual,Anthony,Garcia,3/22/2000,M,UK,Northern Ireland,Home,3,No,Agency,4,1721673.54,430418.385,5186.25,1296.5625,4,0
C0542,Company,Lumina,Co,9/26/1985,M,Mexico,Mexico City,Home,3,No,Website,4,1195819.4,298954.85,4097.35,1024.3375,2,2
C0543,Individual,Joan,Parker,7/23/1947,F,USA,Texas,Home,2,Yes,Website,3,753145.67,251048.55666666667,2588.6099999999997,862.8699999999999,2,1
C0544,Individual,Kevin,White,10/16/1974,M,USA,Utah,Home,2,No,Website,4,1636756.28,409189.07,5305.01,1326.2525,4,0
C0545,Individual,Paul,Griffin,08-04-1942,M,USA,Colorado,Home,1,Yes,Agency,3,1260126.39,420042.12999999995,4356.79,1452.2633333333333,3,0
C0546,Individual,Samuel,Flores,12/23/1967,M,Canada,Manitoba,Home,4,No,Client,3,795528.06,265176.02,2797.11,932.37,3,0
C0547,Individual,Diane,Allen,9/20/1947,F,USA,California,Investment,2,No,Agency,4,1178457.95,294614.4875,4113.29,1028.3225,4,0
C0548,Individual,Christopher,Foster,04-11-1980,M,USA,California,Home,2,No,Agency,3,1047476.9299999999,349158.9766666666,3559.31,1186.4366666666667,2,1
C0549,Individual,Daniel,Sanders,10/15/1972,M,USA,Florida,Home,4,No,Website,3,941219.76,313739.92,3248.25,1082.75,3,0
C0550,Company,Vertex,Co,04-09-1967,F,USA,Nevada,Home,1,No,Agency,4,1414568.09,353642.0225,4494.469999999999,1123.6174999999998,4,0
C0551,Individual,Billy,Freeman,5/17/1960,M,USA,California,Investment,4,No,Website,3,1007397.56,335799.1866666667,3331.87,1110.6233333333332,3,0
C0552,Individual,Kyle,Cook,10/20/1965,M,USA,Virginia,Investment,3,No,Agency,3,1141476.56,380492.1866666667,3588.52,1196.1733333333334,2,1
C0553,Individual,James,Bell,11/26/1978,M,USA,Arizona,Home,3,No,Website,3,821534.9400000001,273844.98000000004,2691.9300000000003,897.3100000000001,2,1
C0554,Individual,Carl,Moore,12/24/1948,M,Australia,Victoria,Home,1,Yes,Agency,4,1643592.85,410898.2125,5181.0599999999995,1295.2649999999999,3,1
C0555,Individual,Aaron,Nelson,4/23/1971,M,USA,California,Investment,4,Yes,Agency,3,1064533.27,354844.42333333334,3487.85,1162.6166666666666,2,1
C0556,Individual,Zachary,Sanders,10/17/1958,M,USA,Colorado,Home,5,No,Website,3,1335478.18,445159.3933333333,4580.87,1526.9566666666667,2,1
C0557,Individual,Judy,Griffin,9/25/1941,F,USA,Utah,Investment,2,No,Website,3,733161.98,244387.32666666666,2373.1200000000003,791.0400000000001,3,0
C0558,Individual,Cheryl,Wood,10/23/1974,F,Denmark,North Denmark,Home,3,No,Website,3,1033995.96,344665.32,3277.62,1092.54,3,0
C0559,Company,Corvus,Co,8/18/1969,M,USA,California,Home,5,No,Client,4,1004028.87,251007.2175,3147.48,786.87,3,1
C0560,Individual,Janice,Nelson,4/20/1988,F,Australia,South Australia,Home,3,No,Website,3,1433718.12,477906.04000000004,4502.16,1500.72,2,1
C0561,Company,Bravada,Co,11/20/1962,F,USA,Arizona,Investment,3,No,Website,4,1589252.43,397313.1075,5192.58,1298.145,4,0
C0562,Individual,Judy,Peterson,11/23/1940,F,USA,Utah,Investment,5,Yes,Website,4,1423675.7200000002,355918.93000000005,4616.42,1154.105,4,0
C0563,Individual,William,Howard,1/22/1991,M,USA,California,Home,2,Yes,Agency,4,1012807.9299999999,253201.98249999998,3371.0,842.75,3,1
C0564,Individual,Scott,Adams,09-02-1952,M,USA,Texas,Home,1,No,Agency,3,1135017.6,378339.2,3750.92,1250.3066666666666,3,0
C0565,Individual,Austin,Wood,9/26/1985,M,France,Brittany,Home,1,No,Website,3,1043494.3200000001,347831.44,3501.83,1167.2766666666666,3,0
C0566,Individual,Janice,Miller,12-09-2000,F,USA,Oregon,Investment,4,Yes,Agency,4,1167701.9,291925.475,3861.18,965.295,4,0
C0567,Individual,Megan,Chavez,10-07-1953,F,Russia,Saint Petersburg,Investment,2,Yes,Agency,4,1869286.1,467321.525,6185.55,1546.3875,3,1
C0568,Individual,Timothy,Wright,09-04-1953,M,USA,California,Home,3,No,Website,3,944335.88,314778.62666666665,3047.8199999999997,1015.9399999999999,1,2
C0569,Individual,Mary,Cook,12-05-1971,F,USA,California,Home,5,Yes,Client,3,1384749.3,461583.10000000003,4381.48,1460.493333333333,3,0
C0570,Individual,Hannah,Peterson,06-03-1965,F,France,Occitanie,Home,5,Yes,Website,4,1527210.47,381802.6175,5243.29,1310.8225,4,0
C0571,Individual,Adam,Chavez,07-03-1966,M,USA,California,Home,3,No,Website,4,1549969.49,387492.3725,5835.72,1458.93,3,1
C0572,Individual,Ann,Johnson,11-12-1993,F,USA,California,Investment,5,No,Website,4,1519677.44,379919.36,4915.33,1228.8325,4,0
C0573,Company,Altira,Co,4/24/1977,M,USA,Georgia,Home,4,Yes,Agency,3,785842.76,261947.58666666667,2549.2400000000002,849.7466666666668,3,0
C0574,Individual,Gerald,Cox,9/15/1968,M,USA,California,Home,2,No,Agency,4,1261906.32,315476.58,4208.99,1052.2475,3,1
C0575,Individual,Brian,Hansen,1/21/1966,M,USA,California,Investment,2,No,Website,3,1018391.27,339463.75666666665,3323.43,1107.81,2,1
C0576,Individual,Terry,Reyes,2/24/1959,M,Germany,Hamburg,Home,1,No,Client,3,1047406.79,349135.5966666667,3248.69,1082.8966666666668,3,0
C0577,Individual,Christopher,Miller,5/18/1989,M,USA,Arizona,Home,3,No,Website,3,693899.0099999999,231299.66999999995,2638.0299999999997,879.3433333333332,3,0
C0578,Individual,Lauren,Rogers,7/22/1999,F,USA,Arizona,Home,5,Yes,Client,3,707276.53,235758.84333333335,2699.27,899.7566666666667,3,0
C0579,Individual,Christopher,Ward,09-04-1941,M,USA,Texas,Investment,3,No,Website,3,1198428.6400000001,399476.2133333334,3898.61,1299.5366666666666,3,0
C0580,Individual,Heather,Watson,11-01-1948,F,USA,California,Home,2,Yes,Client,4,2158954.7800000003,539738.6950000001,6904.23,1726.0575,4,0
C0581,Individual,Kimberly,Stewart,12/21/1957,F,USA,California,Investment,5,Yes,Website,4,1029755.56,257438.89,3204.26,801.065,3,1
C0582,Individual,Teresa,Pierce,02-10-1940,F,USA,Washington,Investment,3,Yes,Website,3,708559.1499999999,236186.3833333333,2373.1200000000003,791.0400000000001,2,1
C0583,Individual,Kevin,Scott,10/27/1986,M,USA,California,Home,2,No,Agency,4,1237228.18,309307.045,3986.81,996.7025,4,0
C0584,Individual,Janice,Taylor,11-03-1982,F,USA,California,Home,5,No,Website,3,1135691.62,378563.87333333335,4052.92,1350.9733333333334,3,0
C0585,Individual,Anthony,Edwards,02-07-1961,M,USA,Colorado,Home,3,No,Agency,4,1003690.1799999999,250922.54499999998,3545.71,886.4275,3,1
C0586,Individual,Noah,Morales,6/14/1977,M,USA,California,Home,2,Yes,Client,3,1226524.31,408841.4366666667,3859.28,1286.4266666666667,3,0
C0587,Individual,Pamela,Richardson,11/24/1992,F,USA,New York,Home,4,No,Website,4,1093439.8399999999,273359.95999999996,3647.14,911.785,4,0
C0588,Individual,Janice,White,11/20/1989,F,USA,Florida,Home,2,No,Website,4,1495976.1400000001,373994.03500000003,5085.38,1271.345,4,0
C0589,Individual,Christopher,Williams,9/21/1946,M,USA,Texas,Investment,5,No,Client,4,1982246.22,495561.555,6797.47,1699.3675,3,1
C0590,Individual,Arthur,Campbell,9/16/1966,M,UK,Scotland,Investment,2,No,Website,4,1105388.8900000001,276347.22250000003,3743.06,935.765,4,0
C0591,Individual,Dorothy,Long,09-03-1968,F,USA,Nevada,Home,1,No,Website,3,1336217.65,445405.8833333333,4381.48,1460.493333333333,3,0
C0592,Individual,Roger,Moore,03-06-1972,M,USA,Arizona,Investment,2,No,Client,3,787516.58,262505.5266666667,2554.28,851.4266666666667,3,0
C0593,Individual,Elizabeth,Carter,08-08-1952,F,USA,California,Home,2,Yes,Agency,4,2012063.38,503015.845,6300.43,1575.1075,4,0
C0594,Individual,Diane,Patterson,08-02-1942,F,USA,Utah,Home,1,No,Agency,3,1137572.87,379190.9566666667,3665.0299999999997,1221.6766666666665,3,0
C0595,Individual,Anna,Murray,10-06-1966,F,USA,Utah,Home,3,No,Agency,3,914304.97,304768.3233333333,2803.3,934.4333333333334,2,1
C0596,Individual,Gerald,Phillips,4/17/1976,M,USA,Nevada,Home,4,No,Agency,4,1094771.49,273692.8725,4095.87,1023.9675,3,1
C0597,Individual,Peter,King,2/17/1986,M,UK,Northern Ireland,Home,2,Yes,Website,3,976844.1699999999,325614.7233333333,3100.86,1033.6200000000001,3,0
C0598,Individual,Jacob,Gray,6/24/1949,M,USA,Colorado,Investment,4,No,Website,4,1398930.7000000002,349732.67500000005,4542.12,1135.53,4,0
C0599,Individual,Jennifer,Turner,3/19/1998,F,Canada,Alberta,Home,2,No,Agency,3,1162815.78,387605.26,4062.26,1354.0866666666668,3,0
C0600,Individual,Thomas,King,3/17/1984,M,USA,Oregon,Investment,1,No,Client,3,917709.61,305903.2033333333,3128.13,1042.71,3,0
C0601,Individual,Lisa,Nelson,10/16/1972,F,USA,California,Home,4,No,Website,4,1700411.72,425102.93,5229.2,1307.3,4,0
C0602,Individual,Albert,Hayes,3/24/1984,M,Germany,Bavaria,Home,4,No,Agency,4,905508.82,226377.205,2993.32,748.33,3,1
C0603,Individual,Diane,Thompson,01-07-1994,F,USA,New York,Home,4,Yes,Agency,4,1218095.3,304523.825,4111.24,1027.81,4,0
C0604,Individual,Danielle,Montgomery,9/17/1998,F,Belgium,Wallonia,Home,1,No,Agency,3,791133.03,263711.01,2757.14,919.0466666666666,2,1
C0605,Individual,Nathan,Flores,6/28/1974,M,USA,Utah,Home,4,Yes,Agency,4,1407314.33,351828.5825,5068.28,1267.07,3,1
C0606,Individual,Carolyn,Stone,12/25/1949,F,France,Ile-de-France,Investment,1,No,Website,3,1070969.53,356989.8433333333,3438.79,1146.2633333333333,3,0
C0607,Individual,Daniel,Edwards,9/14/1962,M,USA,California,Home,1,No,Agency,3,1125230.1199999999,375076.7066666666,4114.84,1371.6133333333335,3,0
C0608,Individual,Jerry,Adams,6/14/1956,M,USA,California,Home,4,No,Agency,4,1201411.56,300352.89,4074.09,1018.5225,3,1
C0609,Individual,Julia,Richardson,5/22/1961,F,USA,Washington,Home,4,No,Agency,4,1307567.64,326891.91,5020.530000000001,1255.1325000000002,4,0
C0610,Individual,Ann,Owens,05-10-1970,F,USA,California,Investment,4,No,Website,3,1178597.68,392865.8933333333,4019.19,1339.73,3,0
C0611,Individual,Jacob,Price,12-06-1950,M,USA,California,Home,4,No,Agency,4,1142671.94,285667.985,3989.66,997.415,4,0
C0612,Individual,Kevin,Wood,1/26/1960,M,USA,Florida,Home,4,No,Agency,4,1671846.3,417961.575,5556.6,1389.15,4,0
C0613,Individual,Cynthia,Cox,10-02-1995,F,Australia,Victoria,Home,4,No,Agency,3,1186019.52,395339.84,4099.6900000000005,1366.5633333333335,3,0
C0614,Individual,George,Bryant,01-07-1972,M,UK,Wales,Home,3,Yes,Website,4,1025958.38,256489.595,3435.93,858.9825,3,1
C0615,Individual,Jordan,King,01-12-1957,M,USA,Utah,Home,2,Yes,Website,4,919002.01,229750.5025,2993.32,748.33,4,0
C0616,Individual,Julie,Brooks,4/17/1963,F,USA,Virginia,Investment,1,Yes,Agency,3,1013364.3,337788.10000000003,3223.87,1074.6233333333332,2,1
C0617,Individual,Carolyn,Evans,10-07-1986,F,USA,Ohio,Home,5,Yes,Website,3,766861.21,255620.40333333332,2548.91,849.6366666666667,3,0
C0618,Individual,Austin,Taylor,05-11-1968,M,USA,Texas,Home,3,No,Agency,3,982803.0,327601.0,3339.87,1113.29,2,1
C0619,Individual,Heather,Morales,4/25/1970,F,USA,Washington,Home,4,No,Website,3,1411977.41,470659.13666666666,4415.7,1471.8999999999999,1,2
C0620,Individual,Sarah,Howard,4/22/1960,F,France,Brittany,Home,3,No,Website,3,1532429.29,510809.76333333337,4512.84,1504.28,2,1
C0621,Individual,Jonathan,Turner,2/13/1982,M,Germany,Bavaria,Investment,3,Yes,Agency,3,791609.11,263869.7033333333,2609.36,869.7866666666667,3,0
C0622,Individual,Katherine,Ward,10-09-1987,F,USA,Washington,Investment,2,No,Client,3,869334.73,289778.24333333335,2942.6099999999997,980.8699999999999,3,0
C0623,Individual,Jonathan,Adams,4/27/1986,M,USA,Florida,Investment,3,Yes,Client,4,1410333.45,352583.3625,4584.08,1146.02,3,1
C0624,Individual,Carl,Jordan,09-02-2000,M,USA,Nevada,Investment,3,No,Agency,3,1215611.54,405203.8466666667,4241.6,1413.8666666666668,3,0
C0625,Individual,Deborah,Hayes,07-08-1983,F,Belgium,Flanders,Investment,2,Yes,Agency,4,1000166.88,250041.72,3404.09,851.0225,3,1
C0626,Individual,Sara,Jones,6/13/1968,F,Germany,Hamburg,Investment,2,No,Website,3,1061694.1300000001,353898.0433333334,3733.67,1244.5566666666666,3,0
C0627,Individual,Katherine,Johnson,11-07-2000,F,USA,Arizona,Home,3,No,Agency,4,1870806.42,467701.605,6904.23,1726.0575,2,2
C0628,Individual,Arthur,Campbell,5/16/1985,M,Canada,British Columbia,Home,3,Yes,Agency,4,1623109.63,405777.4075,5001.56,1250.39,3,1
C0629,Individual,Maria,Richardson,07-09-1946,F,USA,California,Investment,2,No,Agency,3,961721.77,320573.92333333334,3387.5299999999997,1129.1766666666665,3,0
C0630,Individual,Stephen,Roberts,7/28/1965,M,USA,California,Home,2,No,Website,4,1308077.6099999999,327019.40249999997,4302.0199999999995,1075.5049999999999,3,1
C0631,Individual,Dorothy,Flores,12-11-1966,F,USA,California,Home,5,No,Website,4,1534891.22,383722.805,4910.58,1227.645,3,1
C0632,Individual,Thomas,Nelson,5/16/1948,M,UK,Northern Ireland,Home,4,No,Website,4,1146845.98,286711.495,3790.99,947.7475,4,0
C0633,Individual,Ann,Owens,05-12-1941,F,USA,Nevada,Home,3,No,Agency,4,1207516.26,301879.065,3714.98,928.745,4,0
C0634,Individual,Justin,Ward,11/17/1980,M,USA,Washington,Investment,4,Yes,Website,3,1181693.63,393897.87666666665,4179.32,1393.1066666666666,2,1
C0635,Individual,Kimberly,King,6/14/1960,F,UK,Scotland,Investment,5,No,Website,3,1375700.03,458566.6766666667,4381.48,1460.493333333333,1,2
C0636,Individual,Kathleen,Rogers,11-10-1980,F,France,Brittany,Home,5,No,Website,4,981810.0800000001,245452.52000000002,3309.4300000000003,827.3575000000001,4,0
C0637,Individual,Catherine,Stone,8/14/1967,F,USA,California,Home,2,No,Website,4,1602478.07,400619.5175,5186.25,1296.5625,4,0
C0638,Individual,Jason,King,02-04-1975,M,USA,Ohio,Home,5,Yes,Website,4,1347045.42,336761.355,4817.99,1204.4975,3,1
C0639,Individual,Mark,Campbell,03-03-1961,M,UK,Scotland,Home,3,Yes,Website,3,861670.72,287223.5733333333,3024.3900000000003,1008.1300000000001,3,0
C0640,Individual,Emily,Thompson,03-01-1967,F,USA,Utah,Home,3,No,Agency,3,772950.1699999999,257650.05666666664,2746.91,915.6366666666667,3,0
C0641,Company,Zynex,Co,2/26/1994,M,USA,Arizona,Home,2,No,Agency,3,1217213.26,405737.75333333336,3721.8199999999997,1240.6066666666666,3,0
C0642,Individual,Julia,Reyes,11/21/1967,F,USA,California,Home,4,No,Website,3,1027140.61,342380.2033333333,3484.63,1161.5433333333333,3,0
C0643,Individual,Samantha,Richardson,05-05-1974,F,USA,California,Home,5,No,Website,3,928645.01,309548.33666666667,3049.51,1016.5033333333334,3,0
C0644,Individual,Teresa,Johnson,8/25/1956,F,USA,California,Home,4,Yes,Agency,3,1549624.23,516541.41,4890.41,1630.1366666666665,2,1
C0645,Individual,Arthur,Cox,7/18/1988,M,USA,Nevada,Home,2,No,Client,3,731453.53,243817.84333333335,2586.33,862.11,3,0
C0646,Individual,Cynthia,Campbell,7/21/1995,F,USA,Arizona,Investment,5,No,Agency,3,1325311.83,441770.61000000004,4392.05,1464.0166666666667,3,0
C0647,Individual,Victoria,Green,02-06-1946,F,USA,California,Home,4,No,Agency,4,2115520.42,528880.105,6705.53,1676.3825,3,1
C0648,Individual,Stephanie,Reed,03-02-1999,F,USA,California,Home,1,Yes,Website,4,1142985.38,285746.345,3938.59,984.6475,4,0
C0649,Individual,Patricia,Mitchell,03-01-1995,F,USA,California,Home,4,No,Agency,4,1401448.51,350362.1275,4546.77,1136.6925,0,4
C0650,Company,Polaris,Co,2/19/1976,M,France,Occitanie,Home,3,Yes,Client,3,799742.26,266580.75333333336,2797.11,932.37,3,0
C0651,Company,Horizon,Co,1/14/1993,M,USA,Washington,Home,1,No,Agency,4,1077094.73,269273.6825,3795.0299999999997,948.7574999999999,4,0
C0652,Individual,Heather,Johnson,12-08-1993,F,USA,Washington,Home,2,No,Website,3,904157.22,301385.74,2956.63,985.5433333333334,3,0
C0653,Individual,Gerald,Adams,7/22/1970,M,USA,Ohio,Home,2,No,Client,4,1215543.15,303885.7875,4213.08,1053.27,3,1
C0654,Individual,Eric,Griffin,05-07-1960,M,USA,New York,Home,2,Yes,Website,3,865293.89,288431.2966666667,3047.8199999999997,1015.9399999999999,2,1
C0655,Individual,Patricia,King,5/19/1950,F,USA,Nevada,Home,1,Yes,Agency,3,1071763.22,357254.4066666667,3415.27,1138.4233333333334,3,0
C0656,Individual,Amber,Allen,02-08-1977,F,USA,Colorado,Home,5,No,Client,4,1288383.38,322095.845,4761.63,1190.4075,3,1
C0657,Individual,Alexander,Allen,9/26/1956,M,USA,California,Home,2,No,Agency,3,1258111.3199999998,419370.43999999994,4014.44,1338.1466666666668,3,0
C0658,Individual,Kelly,Green,12/13/1999,F,USA,Virginia,Home,3,Yes,Agency,3,1122021.28,374007.0933333333,3815.01,1271.67,2,1
C0659,Individual,Sara,Foster,10-06-1988,F,USA,California,Home,4,Yes,Agency,4,1000550.86,250137.715,3330.46,832.615,3,1
C0660,Individual,Charles,Kim,08-10-1991,M,USA,Arizona,Home,4,Yes,Client,3,1148308.35,382769.45,4011.16,1337.0533333333333,3,0
C0661,Individual,Deborah,Williams,6/25/1961,F,Canada,Manitoba,Home,3,No,Website,4,1627713.0499999998,406928.26249999995,5197.3099999999995,1299.3274999999999,4,0
C0662,Individual,Stephanie,Kim,8/25/1957,F,USA,California,Investment,3,No,Website,4,1520239.97,380059.9925,4700.94,1175.235,4,0
C0663,Individual,Anthony,Flores,02-02-1958,M,USA,California,Home,2,Yes,Agency,4,1544313.34,386078.335,4939.23,1234.8075,4,0
C0664,Individual,Lawrence,Wood,8/17/1958,M,Canada,Alberta,Investment,5,Yes,Website,4,1063024.57,265756.1425,3589.88,897.47,3,1
C0665,Individual,Robert,Adams,8/27/1959,M,USA,Colorado,Investment,1,No,Agency,3,704886.02,234962.00666666668,2297.04,765.68,3,0
C0666,Individual,Maria,Davis,10-09-1948,F,USA,California,Investment,1,No,Website,4,1532074.27,383018.5675,5085.38,1271.345,2,2
C0667,Individual,Anthony,Mitchell,07-07-1966,M,USA,Arizona,Investment,2,No,Agency,4,1486560.06,371640.015,5181.0599999999995,1295.2649999999999,4,0
C0668,Individual,Margaret,Peterson,11/15/1978,F,France,Ile-de-France,Investment,4,Yes,Website,4,987175.01,246793.7525,3296.81,824.2025,4,0
C0669,Individual,Cheryl,Bell,3/18/1958,F,Canada,British Columbia,Home,3,No,Agency,3,1366533.49,455511.16333333333,4798.03,1599.3433333333332,2,1
C0670,Company,Altira,Co,6/18/1976,M,USA,Nevada,Investment,4,No,Website,3,1631973.5499999998,543991.1833333332,5401.35,1800.45,3,0
C0671,Individual,Jerry,Pierce,12-09-1941,M,USA,Colorado,Home,4,Yes,Client,3,759678.12,253226.04,2548.91,849.6366666666667,3,0
C0672,Individual,Amber,Williams,03-10-1967,F,USA,California,Home,2,No,Website,3,1301968.05,433989.35000000003,4356.79,1452.2633333333333,2,1
C0673,Individual,Janice,Hayes,10/19/1965,F,USA,California,Home,4,No,Website,3,870503.9000000001,290167.96666666673,3038.88,1012.96,3,0
C0674,Individual,Judy,Turner,5/26/1986,F,USA,California,Investment,4,No,Website,4,1733438.52,433359.63,5463.780000000001,1365.9450000000002,4,0
C0675,Individual,Andrea,Wright,12/23/1969,F,USA,Texas,Home,5,No,Website,3,1117159.17,372386.38999999996,3339.87,1113.29,2,1
C0676,Individual,Lisa,Davis,06-12-1942,F,USA,Nevada,Home,2,No,Agency,3,1022396.03,340798.6766666667,2967.17,989.0566666666667,2,1
C0677,Individual,Jerry,Miller,09-02-1981,M,USA,Arizona,Investment,2,No,Agency,4,1217015.1099999999,304253.77749999997,4097.35,1024.3375,3,1
C0678,Individual,Joseph,Watson,10/19/1972,M,USA,California,Home,4,Yes,Website,3,904050.87,301350.29,2691.9300000000003,897.3100000000001,1,2
C0679,Individual,Lisa,Patterson,12-02-1964,F,USA,Nevada,Home,1,No,Agency,4,1945371.6800000002,486342.92000000004,6904.23,1726.0575,3,1
C0680,Individual,Andrew,Griffin,4/16/1965,M,USA,Utah,Investment,2,No,Agency,4,1533727.71,383431.9275,5333.11,1333.2775,4,0
C0681,Company,Helios,Co,4/25/1977,F,USA,California,Home,3,No,Agency,4,736696.97,184174.2425,2635.45,658.8625,4,0
C0682,Individual,Donald,Bennett,06-12-1973,M,USA,California,Home,5,No,Website,4,1436006.22,359001.555,4858.25,1214.5625,4,0
C0683,Individual,Patrick,Jordan,8/20/1948,M,USA,Colorado,Home,2,Yes,Agency,3,1216565.53,405521.8433333333,4389.66,1463.22,3,0
C0684,Individual,Donald,Miller,10-05-1985,M,USA,California,Home,1,No,Agency,4,1402625.45,350656.3625,4482.48,1120.62,3,1
C0685,Individual,Sharon,Hansen,4/18/1987,F,USA,Washington,Home,5,No,Agency,3,1129835.06,376611.6866666667,3685.51,1228.5033333333333,2,1
C0686,Individual,Michael,Howard,11/17/1963,M,USA,California,Home,1,Yes,Website,3,1250166.33,416722.11000000004,4109.1900000000005,1369.7300000000002,3,0
C0687,Individual,Susan,Long,01-03-1959,F,USA,Utah,Home,3,Yes,Website,4,1532604.0,383151.0,4842.950000000001,1210.7375000000002,3,1
C0688,Individual,Kathleen,Howard,12-04-1968,F,USA,Colorado,Investment,5,Yes,Website,4,1093762.42,273440.605,3474.29,868.5725,3,1
C0689,Individual,Ann,Williams,4/17/1998,F,USA,California,Home,4,No,Website,3,1051259.37,350419.79000000004,3558.1499999999996,1186.05,2,1
C0690,Individual,Janet,Stewart,09-09-1985,F,USA,Oregon,Home,4,Yes,Agency,4,1402023.24,350505.81,4601.31,1150.3275,3,1
C0691,Individual,Kenneth,Bell,7/22/1943,M,USA,California,Investment,4,No,Agency,4,948552.89,237138.2225,3264.64,816.16,4,0
C0692,Individual,Adam,Roberts,3/14/1964,M,USA,Georgia,Investment,3,No,Agency,4,1206585.87,301646.4675,4046.35,1011.5875,4,0
C0693,Individual,Jesse,Chavez,4/28/1957,M,USA,California,Investment,5,Yes,Agency,4,1831502.92,457875.73,5994.73,1498.6825,3,1
C0694,Company,Sterling,Co,7/13/1989,M,UK,Scotland,Investment,2,No,Website,4,1287767.07,321941.7675,4252.16,1063.04,3,1
C0695,Individual,Timothy,Rogers,3/24/1947,M,USA,Washington,Home,4,No,Website,3,870451.65,290150.55,2804.62,934.8733333333333,2,1
C0696,Individual,Carol,Green,03-06-1994,F,USA,Washington,Investment,5,Yes,Agency,4,1417025.49,354256.3725,4986.47,1246.6175,3,1
C0697,Individual,Bryan,Mitchell,11-01-1986,M,USA,California,Investment,4,Yes,Agency,4,1203571.2,300892.8,4146.61,1036.6525,4,0
C0698,Individual,Maria,Scott,7/16/1946,F,USA,California,Home,2,Yes,Website,4,1560635.51,390158.8775,5147.83,1286.9575,3,1
C0699,Individual,Stephen,Bennett,12/22/1986,M,USA,Washington,Home,1,Yes,Agency,3,1292445.15,430815.05,4071.58,1357.1933333333334,3,0
C0700,Individual,Christine,Sanders,4/14/1944,F,USA,Washington,Home,5,No,Website,3,724453.7,241484.56666666665,2554.28,851.4266666666667,3,0
C0701,Individual,Danielle,Peterson,9/17/1962,F,UK,England,Investment,1,No,Website,4,1318537.76,329634.44,4202.29,1050.5725,4,0
C0702,Individual,Nicholas,Flores,7/24/1966,M,USA,Arizona,Home,5,No,Agency,3,1215022.0,405007.3333333333,3911.33,1303.7766666666666,3,0
C0703,Company,Elara,Co,5/15/1984,M,USA,Colorado,Home,3,No,Website,3,938073.5700000001,312691.19,3071.6400000000003,1023.8800000000001,3,0
C0704,Individual,Nicole,Jordan,1/23/1942,F,USA,Georgia,Home,4,No,Agency,3,1130778.86,376926.2866666667,3584.7799999999997,1194.9266666666665,2,1
C0705,Individual,Timothy,Murray,12/18/1940,M,USA,Nevada,Home,3,No,Website,3,1643383.67,547794.5566666666,5041.58,1680.5266666666666,3,0
C0706,Individual,Kyle,Thomas,6/23/1984,M,UK,England,Investment,2,No,Client,3,1034954.84,344984.94666666666,3487.85,1162.6166666666666,3,0
C0707,Individual,Zachary,Richardson,9/23/1995,M,USA,Virginia,Home,5,Yes,Website,4,1171255.22,292813.805,3827.74,956.935,3,1
C0708,Individual,Brian,Cook,11/28/1964,M,USA,California,Home,2,No,Client,3,1539340.8699999999,513113.6233333333,4571.08,1523.6933333333334,1,2
C0709,Individual,Samantha,Price,11-06-1982,F,USA,Georgia,Home,2,Yes,Agency,4,1233960.52,308490.13,4036.92,1009.23,4,0
C0710,Individual,Kyle,Bryant,8/18/1946,M,USA,Oregon,Home,2,Yes,Agency,4,1158001.3599999999,289500.33999999997,3757.43,939.3575,4,0
C0711,Individual,Victoria,Hughes,10/20/1995,F,USA,California,Investment,3,No,Agency,4,1045658.54,261414.635,3623.01,905.7525,3,1
C0712,Individual,Joseph,Scott,1/21/1991,M,USA,California,Home,1,No,Agency,3,701688.31,233896.10333333336,2528.04,842.68,2,1
C0713,Individual,Debra,Thomas,2/14/1997,F,USA,California,Investment,3,No,Agency,3,946537.74,315512.58,3375.51,1125.17,3,0
C0714,Individual,Kyle,Murray,01-03-1977,M,Russia,Saint Petersburg,Home,3,No,Website,3,1520218.18,506739.3933333333,5041.58,1680.5266666666666,1,2
C0715,Individual,Janice,Wilson,08-05-1982,F,USA,Utah,Home,3,No,Website,3,1151372.75,383790.9166666667,4022.3,1340.7666666666667,2,1
C0716,Individual,Jordan,Davis,10/24/1994,M,UK,Northern Ireland,Home,1,No,Client,3,1173245.74,391081.91333333333,4002.3,1334.1000000000001,2,1
C0717,Individual,Virginia,Weaver,06-09-1946,F,USA,Arizona,Investment,3,Yes,Agency,3,1000529.6699999999,333509.88999999996,3469.69,1156.5633333333333,2,1
C0718,Individual,Martha,Scott,10-08-1944,F,France,Ile-de-France,Home,2,Yes,Website,3,900157.9099999999,300052.63666666666,3371.41,1123.8033333333333,2,1
C0719,Individual,Jason,Jordan,07-02-1974,M,USA,California,Investment,2,Yes,Agency,3,912916.77,304305.59,3071.6400000000003,1023.8800000000001,3,0
C0720,Individual,Shirley,Wilson,5/17/1981,F,USA,California,Investment,1,Yes,Agency,4,844316.69,211079.1725,2713.49,678.3725,2,2
C0721,Individual,Julia,Jordan,03-07-1999,F,USA,Florida,Home,4,No,Website,4,1167212.02,291803.005,3757.95,939.4875,3,1
C0722,Individual,Carol,Sanders,09-11-1943,F,USA,Texas,Home,1,No,Website,3,936104.05,312034.68333333335,3100.45,1033.4833333333333,3,0
C0723,Individual,Ann,Hansen,4/19/1999,F,Germany,North Rhine-Westphalia,Home,3,Yes,Website,3,1554043.79,518014.5966666667,5015.3,1671.7666666666667,3,0
C0724,Individual,Samuel,Howard,9/27/1960,M,USA,Arizona,Investment,4,Yes,Agency,4,1564795.28,391198.82,5020.530000000001,1255.1325000000002,3,1
C0725,Individual,Katherine,Jones,07-03-1983,F,USA,New York,Home,3,No,Website,3,1557779.53,519259.8433333333,5201.04,1733.68,3,0
C0726,Individual,Melissa,Harris,1/25/1977,F,USA,Georgia,Home,4,No,Website,4,1055406.17,263851.5425,3604.98,901.245,3,1
C0727,Individual,Ronald,Bell,8/24/1941,M,USA,California,Investment,3,Yes,Client,4,1924218.25,481054.5625,5703.07,1425.7675,4,0
C0728,Individual,Jason,Jones,7/23/1971,M,USA,California,Home,3,Yes,Agency,3,896046.43,298682.14333333337,2804.62,934.8733333333333,2,1
C0729,Individual,Raymond,Long,01-04-1944,M,USA,Washington,Investment,3,Yes,Agency,3,1100578.42,366859.4733333333,3840.84,1280.28,2,1
C0730,Individual,Gregory,Baker,05-09-1988,M,USA,California,Investment,4,No,Website,3,1395460.54,465153.51333333337,4306.99,1435.6633333333332,3,0
C0731,Individual,Larry,Harris,10/18/2000,M,USA,California,Home,5,No,Agency,4,2163873.35,540968.3375,6797.47,1699.3675,4,0
C0732,Individual,Justin,Peterson,03-03-1985,M,USA,Oregon,Home,5,No,Website,4,1763602.47,440900.6175,5817.4,1454.35,4,0
C0733,Individual,Susan,White,01-03-1976,F,USA,Nevada,Home,5,No,Agency,3,1610480.1,536826.7000000001,4827.1,1609.0333333333335,2,1
C0734,Individual,Danielle,Ward,6/27/1981,F,USA,Virginia,Investment,5,Yes,Client,3,894573.22,298191.0733333333,3232.0,1077.3333333333333,1,2
C0735,Individual,Matthew,Long,08-10-1994,M,Germany,Hesse,Investment,4,No,Website,3,1082670.51,360890.17,3387.5299999999997,1129.1766666666665,1,2
C0736,Individual,Jordan,Campbell,6/13/1942,M,USA,Utah,Investment,3,No,Agency,3,961660.45,320553.48333333334,3148.54,1049.5133333333333,3,0
C0737,Individual,Harold,Harris,8/15/1978,M,USA,California,Investment,3,No,Agency,3,1271295.42,423765.13999999996,4306.99,1435.6633333333332,3,0
C0738,Individual,Jose,White,9/21/1980,M,USA,Texas,Home,5,No,Website,4,1217179.49,304294.8725,3823.05,955.7625,4,0
C0739,Individual,Albert,Turner,3/16/1965,M,USA,California,Home,2,No,Agency,4,1239915.48,309978.87,4384.48,1096.12,3,1
C0740,Individual,Julia,Bell,12-08-1966,F,USA,Utah,Investment,1,No,Client,3,1150084.72,383361.5733333333,3528.71,1176.2366666666667,2,1
C0741,Individual,Sandra,Stone,08-11-1962,F,USA,California,Home,2,No,Website,3,808100.3,269366.76666666666,2856.2200000000003,952.0733333333334,2,1
C0742,Individual,Bryan,Howard,8/21/1980,M,UK,Wales,Home,1,Yes,Website,3,943082.4199999999,314360.80666666664,3236.3599999999997,1078.7866666666666,2,1
C0743,Individual,Joshua,Allen,09-10-1972,M,USA,Oregon,Investment,4,Yes,Website,3,973707.31,324569.10333333333,3436.3999999999996,1145.4666666666665,3,0
C0744,Individual,Helen,Morales,11-10-1950,F,USA,Virginia,Home,1,No,Website,3,947393.7,315797.89999999997,2817.99,939.3299999999999,2,1
C0745,Individual,Emily,Collins,6/18/1997,F,USA,California,Investment,5,No,Website,4,1137226.12,284306.53,3761.94,940.485,4,0
C0746,Individual,Gary,Reyes,10/13/1956,M,UK,Scotland,Home,4,No,Website,4,1485041.45,371260.3625,4482.48,1120.62,3,1
C0747,Individual,George,Patterson,4/18/1992,M,USA,Florida,Home,4,Yes,Website,3,1321142.35,440380.7833333334,4306.99,1435.6633333333332,2,1
C0748,Company,Vantage,Co,03-05-1974,F,USA,California,Home,1,Yes,Client,3,1188736.23,396245.41,3997.02,1332.34,2,1
C0749,Individual,Dorothy,Anderson,11/26/1992,F,USA,New York,Home,5,No,Agency,3,1170883.93,390294.6433333333,3776.0699999999997,1258.6899999999998,3,0
C0750,Individual,Janice,Price,06-08-1976,F,USA,Nevada,Investment,1,No,Agency,3,887696.78,295898.9266666667,2892.7999999999997,964.2666666666665,2,1
C0751,Individual,Keith,Parker,9/19/1974,M,USA,California,Home,5,No,Client,4,1055948.97,263987.2425,3868.0,967.0,4,0
C0752,Individual,Lisa,Young,12/17/1954,F,Belgium,Brussels,Investment,3,No,Agency,4,836214.24,209053.56,2901.69,725.4225,3,1
C0753,Individual,Nicholas,Patterson,12/22/1960,M,Germany,Hamburg,Home,5,No,Website,4,1053102.32,263275.58,3474.29,868.5725,4,0
C0754,Individual,Teresa,Johnson,8/17/1970,F,USA,Arizona,Investment,3,No,Website,4,1300009.56,325002.39,4149.67,1037.4175,3,1
C0755,Company,Celera,Co,12/23/1967,F,USA,California,Home,5,No,Website,3,1040997.25,346999.0833333333,3859.45,1286.4833333333333,2,1
C0756,Individual,Jessica,Patterson,3/19/1963,F,USA,Utah,Home,5,Yes,Website,3,785768.09,261922.69666666666,2804.62,934.8733333333333,3,0
C0757,Individual,Keith,Taylor,05-09-1946,M,USA,Oregon,Home,3,Yes,Website,4,1392690.1199999999,348172.52999999997,4213.08,1053.27,3,1
C0758,Individual,Joe,Allen,08-12-1958,M,USA,California,Investment,2,No,Website,4,1135189.16,283797.29,3712.71,928.1775,3,1
C0759,Individual,Samuel,Anderson,10/27/1991,M,USA,Florida,Home,4,No,Website,3,1327801.32,442600.44,4354.61,1451.5366666666666,3,0
C0760,Individual,Amanda,Adams,12/27/1964,F,USA,California,Investment,3,No,Website,4,1288008.21,322002.0525,4534.76,1133.69,4,0
C0761,Individual,Joyce,Patterson,8/24/1981,F,Belgium,Flanders,Home,2,No,Agency,4,1387948.07,346987.0175,4537.6900000000005,1134.4225000000001,4,0
C0762,Individual,Anna,Young,07-01-1967,F,USA,Ohio,Home,4,No,Website,4,1456185.33,364046.3325,5253.52,1313.38,4,0
C0763,Company,Summit,Co,7/18/1971,F,USA,Georgia,Home,3,No,Agency,3,1036781.97,345593.99,3457.79,1152.5966666666666,3,0
C0764,Individual,Debra,Parker,02-09-1983,F,UK,Northern Ireland,Investment,4,No,Client,4,1670624.74,417656.185,5766.62,1441.655,4,0
C0765,Individual,Joe,Green,6/22/1967,M,France,Brittany,Home,3,No,Website,4,1516418.29,379104.5725,5040.25,1260.0625,3,1
C0766,Individual,Robert,Bennett,09-04-1994,M,Germany,North Rhine-Westphalia,Home,3,Yes,Client,4,1601876.1400000001,400469.03500000003,5145.09,1286.2725,3,1
C0767,Individual,David,Brown,02-02-1961,M,Canada,British Columbia,Investment,2,No,Agency,4,1403932.48,350983.12,4968.33,1242.0825,3,1
C0768,Individual,Matthew,Weaver,7/22/1992,M,Denmark,Southern Denmark,Investment,5,Yes,Website,3,1048127.47,349375.8233333333,3491.66,1163.8866666666665,1,2
C0769,Individual,Nicole,Long,2/21/1958,F,USA,Ohio,Home,4,No,Agency,3,675607.7899999999,225202.59666666665,2259.94,753.3133333333334,2,1
C0770,Individual,Shirley,Hall,02-09-1951,F,Russia,Krasnodar Krai,Home,4,No,Website,3,984598.73,328199.57666666666,3313.53,1104.51,3,0
C0771,Company,Quasar,Co,06-09-1984,M,USA,California,Home,1,No,Website,4,1856997.08,464249.27,5633.3099999999995,1408.3274999999999,3,1
C0772,Individual,Ethan,White,9/25/1991,M,USA,California,Investment,1,No,Client,3,911164.52,303721.50666666665,3114.6,1038.2,1,2
C0773,Individual,Christopher,Taylor,12-09-1964,M,Russia,Saint Petersburg,Home,1,No,Website,4,1451465.46,362866.365,4612.33,1153.0825,3,1
C0774,Individual,David,Wood,3/23/1983,M,USA,Georgia,Home,5,Yes,Agency,3,999792.6799999999,333264.2266666666,3434.41,1144.8033333333333,3,0
C0775,Individual,Andrea,Reyes,12/25/1975,F,USA,Arizona,Home,1,No,Agency,4,1043608.37,260902.0925,3601.56,900.39,3,1
C0776,Individual,Ashley,Morales,06-11-1966,F,Germany,Bavaria,Home,4,Yes,Agency,3,914465.3300000001,304821.7766666667,2942.6099999999997,980.8699999999999,2,1
C0777,Company,Meridian,Co,5/15/1982,M,USA,Arizona,Home,1,No,Client,3,1130759.4100000001,376919.8033333334,3939.48,1313.16,3,0
C0778,Individual,George,Pierce,7/22/1998,M,USA,California,Investment,4,Yes,Agency,4,1646921.92,411730.48,5339.51,1334.8775,3,1
C0779,Individual,Lisa,Hughes,04-05-1953,F,USA,California,Home,5,Yes,Agency,3,1221957.12,407319.04000000004,3975.2400000000002,1325.0800000000002,3,0
C0780,Individual,Martha,Hansen,08-01-1947,F,USA,California,Home,3,No,Website,3,708761.6900000001,236253.8966666667,2548.91,849.6366666666667,3,0
C0781,Individual,Gerald,Sanders,11/28/1940,M,USA,California,Investment,5,Yes,Website,4,1181206.69,295301.6725,4122.54,1030.635,2,2
C0782,Individual,Ethan,Williams,10-02-1970,M,USA,Utah,Investment,2,Yes,Website,4,1166638.1600000001,291659.54000000004,3620.15,905.0375,3,1
C0783,Individual,Betty,Sanders,3/27/1961,F,Canada,Alberta,Home,1,Yes,Agency,3,1031472.36,343824.12,3469.69,1156.5633333333333,3,0
C0784,Individual,Charles,Baker,6/26/1973,M,Mexico,Baja California,Investment,4,No,Website,3,1172514.65,390838.2166666666,4070.24,1356.7466666666667,3,0
C0785,Company,Rexon,Co,3/27/1971,F,USA,California,Home,2,No,Website,4,1047112.48,261778.12,3443.73,860.9325,4,0
C0786,Individual,Sarah,Martin,3/25/1983,F,USA,California,Investment,3,No,Website,3,663797.37,221265.79,2172.26,724.0866666666667,2,1
C0787,Individual,Andrew,Jackson,11/20/1950,M,USA,Washington,Home,1,No,Website,3,1405947.6600000001,468649.22000000003,4583.59,1527.8633333333335,3,0
C0788,Individual,Matthew,Stone,5/14/1944,M,France,Brittany,Investment,4,No,Website,4,1799447.01,449861.7525,5930.35,1482.5875,3,1
C0789,Individual,Madison,Price,04-06-1974,F,Canada,Ontario,Investment,1,No,Website,3,1125271.6,375090.5333333334,3686.7299999999996,1228.9099999999999,1,2
C0790,Individual,Brandon,Cooper,1/18/1974,M,USA,California,Home,5,Yes,Agency,4,1521440.8599999999,380360.21499999997,4908.68,1227.17,3,1
C0791,Individual,Walter,Adams,01-07-1983,M,USA,Texas,Home,4,No,Website,4,1424465.81,356116.4525,4639.87,1159.9675,3,1
C0792,Individual,Joseph,Richardson,4/14/1982,M,USA,California,Investment,4,Yes,Website,4,1559979.82,389994.955,4879.4,1219.85,4,0
C0793,Individual,Kevin,Brown,09-04-1969,M,USA,New York,Home,4,No,Agency,4,1245234.35,311308.5875,4193.76,1048.44,4,0
C0794,Individual,Gregory,Mitchell,02-11-1951,M,USA,California,Home,4,Yes,Website,3,1120488.77,373496.25666666665,3925.54,1308.5133333333333,3,0
C0795,Individual,Harold,Murray,1/14/1969,M,USA,California,Investment,4,Yes,Website,3,1170869.0899999999,390289.6966666666,3507.1400000000003,1169.0466666666669,3,0
C0796,Individual,Stephanie,Ward,04-11-1983,F,USA,California,Investment,5,Yes,Website,3,559596.54,186532.18000000002,1822.3400000000001,607.4466666666667,3,0
C0797,Individual,Joan,Gray,06-08-1990,F,USA,Oregon,Home,5,Yes,Agency,3,881179.3,293726.43333333335,2555.6099999999997,851.8699999999999,2,1
C0798,Company,Novex,Co,10/21/1965,M,USA,Nevada,Home,4,Yes,Agency,4,987267.48,246816.87,3363.49,840.8725,4,0
C0799,Individual,Pamela,Johnson,7/24/1954,F,USA,California,Home,4,No,Website,4,1108935.8599999999,277233.96499999997,3888.98,972.245,4,0
C0800,Individual,Lawrence,Smith,01-02-1974,M,USA,Virginia,Investment,5,Yes,Website,3,983573.1799999999,327857.7266666666,3454.64,1151.5466666666666,3,0
C0801,Individual,Betty,Price,04-03-1969,F,USA,Washington,Home,4,Yes,Website,3,1361712.2999999998,453904.0999999999,4306.99,1435.6633333333332,3,0
C0802,Individual,Matthew,Williams,11-10-1970,M,USA,Virginia,Home,5,No,Agency,3,1074480.81,358160.27,3652.74,1217.58,3,0
C0803,Individual,Evelyn,Moore,12/13/1945,F,USA,Texas,Home,4,No,Agency,4,1542819.53,385704.8825,5318.37,1329.5925,4,0
C0804,Individual,Tyler,Cook,01-10-1967,M,USA,Washington,Home,5,No,Agency,3,1223755.92,407918.63999999996,4394.54,1464.8466666666666,1,2
C0805,Individual,Albert,Cook,1/17/1953,M,Germany,Berlin,Home,1,Yes,Website,3,940964.73,313654.91,2986.5299999999997,995.5099999999999,3,0
C0806,Individual,Jack,Richardson,11/18/1989,M,France,Ile-de-France,Home,5,No,Client,4,1485168.27,371292.0675,4881.68,1220.42,4,0
C0807,Individual,Amy,Chavez,11/16/1993,F,Mexico,Mexico City,Investment,5,No,Website,4,1635419.92,408854.98,5649.5,1412.375,2,2
C0808,Individual,Gregory,Ward,5/17/1943,M,Germany,Berlin,Home,3,Yes,Website,3,885158.15,295052.7166666667,3009.94,1003.3133333333334,3,0
C0809,Individual,Hannah,Alexander,2/16/1967,F,France,Occitanie,Home,5,Yes,Agency,3,1386118.19,462039.39666666667,4394.54,1464.8466666666666,3,0
C0810,Individual,Ronald,Sanders,2/13/1995,M,USA,California,Home,1,Yes,Website,3,922597.5800000001,307532.5266666667,2746.91,915.6366666666667,3,0
C0811,Individual,Carl,Allen,4/17/1945,M,UK,Wales,Home,3,No,Agency,3,1515201.05,505067.01666666666,4415.7,1471.8999999999999,3,0
C0812,Individual,Harold,Cooper,8/24/1974,M,UK,Northern Ireland,Home,3,Yes,Website,4,1443224.01,360806.0025,4994.32,1248.58,4,0
C0813,Individual,Gerald,Cook,10-11-1974,M,UK,Scotland,Investment,3,No,Agency,4,1314024.52,328506.13,4397.97,1099.4925,1,3
C0814,Individual,Joan,Stewart,3/26/1964,F,USA,California,Home,2,No,Website,3,674363.74,224787.91333333333,2120.18,706.7266666666666,3,0
C0815,Company,Horizon,Co,11-06-1965,F,USA,Nevada,Home,4,Yes,Agency,3,962374.6499999999,320791.55,3617.89,1205.9633333333334,3,0
C0816,Individual,Deborah,Wright,12/23/1947,F,Germany,Hamburg,Home,2,Yes,Website,3,1003090.8500000001,334363.6166666667,3454.64,1151.5466666666666,2,1
C0817,Individual,Grace,Thompson,05-12-1972,F,USA,California,Investment,1,No,Website,3,1338281.0,446093.6666666667,4346.46,1448.82,2,1
C0818,Company,Sterling,Co,09-08-1991,F,USA,Colorado,Home,2,No,Website,4,760443.3500000001,190110.83750000002,2711.16,677.79,3,1
C0819,Individual,Jose,Bryant,3/15/1951,M,USA,California,Home,5,No,Website,3,1239378.27,413126.09,3939.48,1313.16,3,0
C0820,Individual,Judith,Collins,10/22/1940,F,USA,Texas,Investment,4,No,Agency,3,920197.78,306732.5933333333,2928.85,976.2833333333333,3,0
C0821,Individual,Elizabeth,Moore,09-04-1957,F,USA,California,Home,5,Yes,Agency,3,1371213.26,457071.08666666667,4403.67,1467.89,2,1
C0822,Individual,Jessica,Weaver,4/19/1959,F,USA,California,Investment,3,Yes,Website,3,1407630.29,469210.0966666667,4691.92,1563.9733333333334,2,1
C0823,Individual,Nancy,Hayes,4/16/1975,F,USA,Oregon,Investment,5,Yes,Agency,4,1722388.8900000001,430597.22250000003,5355.6,1338.9,4,0
C0824,Individual,Douglas,Cox,06-01-1976,M,USA,California,Home,3,No,Agency,3,1234378.85,411459.6166666667,4306.99,1435.6633333333332,2,1
C0825,Individual,Ruth,Hughes,3/26/1982,F,Mexico,Nuevo Leon,Home,4,Yes,Agency,4,1246198.0,311549.5,4300.1900000000005,1075.0475000000001,4,0
C0826,Individual,Jason,Stewart,09-11-1970,M,USA,Ohio,Investment,4,Yes,Website,4,1255265.82,313816.455,3984.77,996.1925,3,1
C0827,Individual,Ruth,Wright,8/23/1965,F,USA,Washington,Home,2,Yes,Website,4,1176467.77,294116.9425,4101.29,1025.3225,3,1
C0828,Individual,Elizabeth,Stewart,10-10-1947,F,USA,Arizona,Investment,4,Yes,Website,4,1313574.2,328393.55,4488.37,1122.0925,3,1
C0829,Individual,Jonathan,Stewart,11/16/1960,M,USA,Utah,Investment,3,No,Website,4,1296844.19,324211.0475,4408.32,1102.08,4,0
C0830,Individual,William,Martin,5/16/1952,M,USA,Oregon,Investment,3,No,Agency,4,1518798.69,379699.6725,4678.46,1169.615,4,0
C0831,Individual,Judith,Martin,9/24/1977,F,USA,California,Home,2,No,Website,3,909532.47,303177.49,2937.26,979.0866666666667,1,2
C0832,Individual,Dorothy,Ward,01-09-1990,F,USA,Nevada,Investment,3,Yes,Website,3,1290741.99,430247.33,4009.83,1336.61,2,1
C0833,Individual,Roger,Green,11-06-1951,M,Denmark,Southern Denmark,Home,5,No,Website,3,1422486.6099999999,474162.2033333333,4869.9,1623.3,2,1
C0834,Individual,Helen,Parker,12/23/1957,F,USA,California,Home,5,No,Website,4,1384660.54,346165.135,4295.62,1073.905,4,0
C0835,Individual,Maria,Foster,06-06-1974,F,USA,California,Home,5,Yes,Website,4,1159317.69,289829.4225,3766.44,941.61,3,1
C0836,Individual,Adam,Sanders,02-04-1942,M,USA,Ohio,Home,4,No,Website,3,1280715.29,426905.0966666667,4479.73,1493.243333333333,2,1
C0837,Individual,Peter,Montgomery,06-06-1967,M,France,Brittany,Home,1,No,Website,4,1415445.71,353861.4275,5013.23,1253.3075,4,0
C0838,Individual,Jacob,Morris,04-05-1992,M,USA,Nevada,Investment,1,Yes,Website,3,837604.3,279201.43333333335,2561.44,853.8133333333334,3,0
C0839,Individual,Elizabeth,Baker,1/26/1994,F,UK,England,Home,5,Yes,Agency,3,1123967.69,374655.89666666667,3925.54,1308.5133333333333,2,1
C0840,Individual,Elizabeth,Wilson,11-01-1981,F,Belgium,Brussels,Home,1,No,Website,4,1508352.25,377088.0625,5318.37,1329.5925,4,0
C0841,Individual,Timothy,Cooper,02-05-1999,M,Belgium,Wallonia,Home,5,No,Website,4,1344816.1,336204.025,4668.42,1167.105,4,0
C0842,Individual,Keith,Morales,2/27/1996,M,USA,Washington,Home,5,Yes,Client,4,1082477.8199999998,270619.45499999996,3714.98,928.745,2,2
C0843,Individual,Amanda,Hansen,12-04-2000,F,USA,Georgia,Home,4,No,Agency,3,1377127.37,459042.4566666667,4502.16,1500.72,3,0
C0844,Individual,Margaret,Scott,6/13/1947,F,USA,California,Home,2,No,Website,4,1363201.96,340800.49,4751.570000000001,1187.8925000000002,3,1
C0845,Individual,Ashley,Long,09-05-1993,F,USA,Washington,Home,3,No,Client,3,1355270.16,451756.72,4414.34,1471.4466666666667,3,0
C0846,Individual,Martha,Harris,5/15/1976,F,Canada,Quebec,Investment,3,No,Agency,3,1069033.77,356344.59,3406.5699999999997,1135.5233333333333,3,0
C0847,Individual,Nicole,James,2/27/1988,F,USA,Utah,Home,2,Yes,Agency,4,1258765.46,314691.365,4046.35,1011.5875,3,1
C0848,Individual,Aaron,Hughes,11/22/1967,M,USA,California,Home,4,No,Agency,4,1366788.33,341697.0825,4739.790000000001,1184.9475000000002,4,0
C0849,Individual,Brian,Wilson,04-11-1977,M,USA,Oregon,Home,1,Yes,Website,4,1262931.66,315732.915,3980.11,995.0275,4,0
C0850,Individual,Judy,Stone,11/13/1983,F,USA,Colorado,Investment,5,No,Agency,3,528432.48,176144.16,1831.8600000000001,610.62,3,0
C0851,Individual,Kyle,White,5/16/1993,M,USA,California,Investment,2,Yes,Website,4,1482957.8800000001,370739.47000000003,5039.8,1259.95,4,0
C0852,Individual,Carl,Brown,7/20/1989,M,Germany,North Rhine-Westphalia,Home,2,No,Agency,4,1368458.37,342114.5925,4889.48,1222.37,4,0
C0853,Individual,Gerald,Bryant,08-07-1950,M,USA,Utah,Home,4,No,Website,4,1293562.22,323390.555,4368.34,1092.085,2,2
C0854,Individual,David,Reyes,2/13/1944,M,USA,California,Home,4,No,Website,3,1419031.6099999999,473010.5366666666,4363.23,1454.4099999999999,2,1
C0855,Individual,Amanda,Foster,03-10-1973,F,Australia,Queensland,Home,4,No,Website,4,1198702.15,299675.5375,4456.85,1114.2125,4,0
C0856,Individual,Janice,Chavez,8/16/1964,F,USA,Florida,Home,5,Yes,Website,4,1565508.99,391377.2475,4904.74,1226.185,4,0
C0857,Individual,Danielle,Ward,05-11-1951,F,USA,California,Investment,1,Yes,Website,4,1431064.56,357766.14,4585.13,1146.2825,2,2
C0858,Individual,Samuel,Howard,07-12-1994,M,USA,Nevada,Home,1,No,Website,3,972150.6,324050.2,3469.69,1156.5633333333333,2,1
C0859,Individual,Megan,Anderson,12-03-1942,F,USA,California,Home,2,Yes,Agency,4,1440623.8900000001,360155.97250000003,4616.42,1154.105,4,0
C0860,Individual,Virginia,Morales,07-09-1968,F,USA,Utah,Home,5,Yes,Website,4,1362579.84,340644.96,4592.1,1148.025,4,0
C0861,Individual,Christine,Peterson,08-04-1994,F,France,Brittany,Investment,2,No,Agency,3,1527460.57,509153.5233333334,4906.87,1635.6233333333332,2,1
C0862,Individual,Amanda,Jordan,6/14/1981,F,USA,Colorado,Investment,1,No,Website,3,1354421.9100000001,451473.97000000003,4583.59,1527.8633333333335,3,0
C0863,Individual,Brandon,Peterson,4/20/1975,M,Belgium,Wallonia,Home,5,Yes,Agency,4,1107744.96,276936.24,3938.59,984.6475,4,0
C0864,Individual,Noah,Kim,07-07-1970,M,USA,Texas,Home,3,No,Website,3,1085548.02,361849.34,3469.69,1156.5633333333333,2,1
C0865,Individual,Rebecca,Gray,5/20/1975,F,USA,Colorado,Investment,5,Yes,Website,4,1268059.13,317014.7825,4033.58,1008.395,3,1
C0866,Individual,Lawrence,Bryant,11/27/1987,M,Belgium,Brussels,Home,3,No,Agency,4,1331713.08,332928.27,4592.1,1148.025,4,0
C0867,Individual,Julia,Davis,04-12-1967,F,USA,California,Home,2,No,Agency,3,1028747.3,342915.76666666666,3438.79,1146.2633333333333,3,0
C0868,Individual,Victoria,Rogers,2/21/1945,F,USA,Florida,Home,3,Yes,Agency,3,987211.1699999999,329070.38999999996,3148.14,1049.3799999999999,2,1
C0869,Individual,Jose,Roberts,03-07-1993,M,USA,California,Home,4,No,Agency,3,858807.13,286269.04333333333,3038.88,1012.96,3,0
C0870,Company,Harmon,Co,09-01-1966,F,UK,Northern Ireland,Home,2,Yes,Website,4,1097902.26,274475.565,3639.93,909.9825,3,1
C0871,Individual,Pamela,Pierce,11/28/1989,F,USA,Virginia,Home,1,Yes,Website,4,1939848.53,484962.1325,6097.09,1524.2725,3,1
C0872,Individual,Sarah,Bennett,6/22/1943,F,UK,England,Home,4,No,Website,4,1462320.39,365580.0975,5305.01,1326.2525,4,0
C0873,Individual,Gerald,Murray,09-09-1940,M,USA,New York,Home,2,No,Website,3,1325777.78,441925.9266666667,4389.66,1463.22,3,0
C0874,Individual,Debra,Murray,7/26/1953,F,Belgium,Flanders,Investment,2,No,Website,4,1490289.1099999999,372572.27749999997,4746.09,1186.5225,4,0
C0875,Individual,Jeffrey,Evans,07-09-1972,M,Canada,Manitoba,Home,4,No,Website,3,1308981.48,436327.16,4111.66,1370.5533333333333,3,0
C0876,Individual,Benjamin,Chavez,8/22/1973,M,USA,California,Home,3,No,Client,3,873771.52,291257.17333333334,2913.5699999999997,971.1899999999999,3,0
C0877,Individual,Jennifer,Weaver,12/22/1998,F,USA,Utah,Investment,2,Yes,Agency,3,1407650.4,469216.8,4479.73,1493.243333333333,2,1
C0878,Individual,Ashley,Hansen,4/28/1945,F,USA,Nevada,Home,4,Yes,Website,3,970670.1499999999,323556.7166666666,3024.39,1008.13,3,0
C0879,Individual,Brandon,Adams,3/15/1945,M,UK,Northern Ireland,Home,4,Yes,Website,3,1349121.32,449707.1066666667,4389.66,1463.22,3,0
C0880,Individual,Judith,Bennett,6/23/1941,F,USA,New York,Home,2,No,Website,4,1390002.6400000001,347500.66000000003,4605.48,1151.37,3,1
C0881,Individual,Ruth,Weaver,9/24/1954,F,USA,Colorado,Investment,1,No,Website,4,1247321.2,311830.3,4546.77,1136.6925,3,1
C0882,Individual,Peter,Moore,07-07-2000,M,UK,Wales,Home,3,No,Website,3,1142828.1400000001,380942.7133333334,4306.99,1435.6633333333332,2,1
C0883,Individual,Gerald,Thompson,10/22/1946,M,USA,Texas,Home,4,No,Client,4,1979258.27,494814.5675,6797.47,1699.3675,4,0
C0884,Individual,Joe,Reed,05-07-1949,M,USA,Nevada,Home,2,No,Website,3,1021697.5,340565.8333333333,3628.92,1209.64,2,1
C0885,Individual,Michael,Williams,9/21/1941,M,Canada,British Columbia,Investment,2,Yes,Agency,3,1540844.02,513614.67333333334,5015.3,1671.7666666666667,3,0
C0886,Individual,Joseph,Brooks,7/20/1961,M,USA,California,Home,3,Yes,Agency,3,807556.47,269185.49,2823.6299999999997,941.2099999999999,3,0
C0887,Individual,Joan,Bryant,4/23/1993,F,USA,California,Home,3,No,Agency,4,1247287.09,311821.7725,4050.23,1012.5575,3,1
C0888,Individual,Sharon,Montgomery,5/24/1987,F,Germany,Berlin,Home,4,Yes,Website,4,1104713.19,276178.2975,3733.42,933.355,2,2
C0889,Individual,Scott,Campbell,10/15/1985,M,USA,Nevada,Investment,4,Yes,Website,3,1339350.5899999999,446450.1966666666,4353.76,1451.2533333333333,3,0
C0890,Individual,Julie,Nelson,7/23/1955,F,USA,Virginia,Investment,3,Yes,Website,4,1138394.29,284598.5725,3690.64,922.66,4,0
C0891,Individual,Raymond,Roberts,6/20/1970,M,Germany,North Rhine-Westphalia,Investment,1,Yes,Website,4,1340373.08,335093.27,4616.42,1154.105,3,1
C0892,Individual,Helen,Watson,06-05-1958,F,USA,California,Investment,2,Yes,Website,3,984121.3999999999,328040.4666666666,3501.7200000000003,1167.24,2,1
C0893,Individual,Evelyn,Thompson,6/23/1995,F,USA,Colorado,Home,3,Yes,Website,4,1695839.47,423959.8675,5318.37,1329.5925,4,0
C0894,Individual,Carl,Evans,6/14/1953,M,USA,Georgia,Home,5,No,Website,3,882067.47,294022.49,2797.11,932.37,3,0
C0895,Individual,Amanda,Rogers,8/25/1953,F,USA,Arizona,Investment,4,Yes,Website,3,1127680.6,375893.5333333334,3840.84,1280.28,3,0
C0896,Individual,Timothy,Jones,05-06-1970,M,France,Brittany,Home,4,Yes,Agency,4,1157933.44,289483.36,3743.06,935.765,3,1
C0897,Individual,Ann,Foster,08-04-1971,F,Australia,Victoria,Home,1,No,Website,3,745691.65,248563.88333333333,2404.38,801.46,3,0
C0898,Individual,Deborah,King,9/27/1953,F,USA,Arizona,Investment,5,Yes,Agency,4,836494.02,209123.505,2824.35,706.0875,3,1
C0899,Company,Apex,Co,6/26/1988,F,USA,Washington,Investment,2,No,Website,3,1050407.63,350135.87666666665,3230.0699999999997,1076.6899999999998,3,0
C0900,Individual,Betty,Cook,5/22/1999,F,Germany,North Rhine-Westphalia,Home,4,No,Agency,3,606058.22,202019.40666666665,2259.94,753.3133333333334,3,0
C0901,Individual,Gregory,Allen,2/15/1999,M,France,Brittany,Investment,4,No,Agency,3,909138.8400000001,303046.28,2727.17,909.0566666666667,3,0
C0902,Company,Peerex,Co,02-11-1964,F,UK,Northern Ireland,Home,3,Yes,Agency,4,1281064.76,320266.19,4274.28,1068.57,4,0
C0903,Individual,Christine,Morales,4/28/1992,F,USA,Texas,Investment,3,No,Website,3,1108147.6099999999,369382.5366666666,3721.8199999999997,1240.6066666666666,3,0
C0904,Individual,Nancy,Brooks,03-08-1984,F,Russia,Saint Petersburg,Home,1,Yes,Website,4,1050355.29,262588.8225,3535.22,883.805,3,1
C0905,Individual,Emma,Allen,5/16/1993,F,USA,Virginia,Home,5,Yes,Website,3,877477.72,292492.5733333333,2782.8199999999997,927.6066666666666,3,0
C0906,Individual,Jacqueline,Baker,8/13/1969,F,USA,California,Investment,5,No,Website,4,1757967.56,439491.89,5835.72,1458.93,3,1
C0907,Individual,Danielle,Scott,11/14/1973,F,USA,California,Home,3,No,Agency,3,1375380.46,458460.1533333333,4377.57,1459.1899999999998,3,0
C0908,Individual,Carl,Kim,11/17/1960,M,USA,California,Home,4,Yes,Agency,4,1129941.35,282485.3375,3300.53,825.1325,3,1
C0909,Individual,Brandon,Turner,07-10-1967,M,USA,California,Investment,1,Yes,Agency,4,1529455.73,382363.9325,4732.16,1183.04,2,2
C0910,Individual,Victoria,Jackson,11/24/1971,F,USA,Texas,Home,3,Yes,Agency,3,1293598.48,431199.49333333335,3715.08,1238.36,2,1
C0911,Individual,Donald,Long,3/27/1989,M,USA,California,Home,4,No,Website,4,1310405.32,327601.33,3889.34,972.335,4,0
C0912,Individual,Christina,Freeman,05-11-1949,F,USA,California,Home,1,No,Agency,3,1322130.05,440710.01666666666,4054.39,1351.4633333333334,2,1
C0913,Individual,Nathan,Hansen,1/13/1999,M,USA,California,Home,4,No,Agency,4,1935637.92,483909.48,6208.6,1552.15,3,1
C0914,Individual,Helen,Freeman,10-12-1948,F,France,Provence,Investment,4,No,Website,4,1124290.78,281072.695,3938.59,984.6475,3,1
C0915,Individual,Ronald,Harris,1/23/1948,M,USA,Florida,Home,2,No,Agency,3,1309768.71,436589.57,3850.38,1283.46,3,0
C0916,Individual,Nathan,Hansen,02-10-1988,M,Russia,Moscow Oblast,Home,2,No,Website,4,1377591.46,344397.865,4456.42,1114.105,4,0
C0917,Individual,Kenneth,Hughes,08-01-1969,M,USA,Arizona,Home,2,Yes,Agency,3,756785.49,252261.83,2554.28,851.4266666666667,3,0
C0918,Individual,Susan,Cook,2/21/2000,F,Australia,Western Australia,Home,4,No,Client,3,1461361.8699999999,487120.6233333333,4749.65,1583.2166666666665,2,1
C0919,Individual,Barbara,Foster,8/17/1975,F,Canada,Quebec,Investment,5,No,Agency,3,1059524.55,353174.85000000003,3538.5699999999997,1179.5233333333333,3,0
C0920,Individual,Christian,Williams,10-11-1973,M,USA,California,Home,4,No,Website,3,878368.79,292789.5966666667,2803.3,934.4333333333334,3,0
C0921,Individual,Christina,Reyes,03-10-1999,F,Australia,New South Wales,Home,4,No,Agency,3,802736.76,267578.92,2701.38,900.46,3,0
C0922,Individual,Joe,Bell,10/28/1942,M,Australia,Victoria,Investment,4,Yes,Website,3,1105753.98,368584.66,3601.05,1200.3500000000001,3,0
C0923,Individual,Ruth,Richardson,8/26/1950,F,USA,Oregon,Home,3,No,Client,4,1183422.85,295855.7125,4140.77,1035.1925,4,0
C0924,Individual,Emily,Wright,3/20/1988,F,USA,California,Home,4,No,Website,4,1558670.83,389667.7075,5253.52,1313.38,3,1
C0925,Individual,Michael,Ward,05-12-1944,M,Germany,Hamburg,Home,2,No,Website,3,1308035.02,436011.67333333334,4415.7,1471.8999999999999,2,1
C0926,Individual,Lauren,Harris,04-04-1961,F,USA,California,Home,3,No,Website,3,1078841.73,359613.91,3622.94,1207.6466666666668,1,2
C0927,Individual,Carol,Hayes,11-04-1962,F,France,Ile-de-France,Home,4,No,Client,3,933499.38,311166.46,2856.79,952.2633333333333,2,1
C0928,Individual,Jordan,Jordan,2/27/1950,M,USA,California,Home,1,Yes,Agency,3,758070.13,252690.04333333333,2651.24,883.7466666666666,2,1
C0929,Individual,Jack,Hall,5/23/1954,M,USA,Washington,Home,4,No,Website,3,1167841.72,389280.5733333333,3353.8199999999997,1117.9399999999998,3,0
C0930,Individual,Debra,Moore,4/15/1993,F,USA,Washington,Investment,1,Yes,Agency,3,924305.53,308101.8433333333,3331.87,1110.6233333333332,3,0
C0931,Individual,Daniel,Parker,12/25/1977,M,USA,Nevada,Investment,2,Yes,Client,3,997418.61,332472.87,3272.84,1090.9466666666667,3,0
C0932,Individual,Kathleen,Moore,7/14/1949,F,USA,New York,Home,5,No,Website,4,1468310.6600000001,367077.66500000004,4787.889999999999,1196.9724999999999,4,0
C0933,Individual,Kimberly,Johnson,09-03-1955,F,USA,California,Home,4,No,Website,3,1077170.94,359056.98,3466.39,1155.4633333333334,2,1
C0934,Individual,Barbara,Allen,10-02-1943,F,UK,Northern Ireland,Investment,5,Yes,Website,3,912489.5900000001,304163.1966666667,3260.95,1086.9833333333333,3,0
C0935,Individual,Katherine,Cooper,5/17/2000,F,Canada,Manitoba,Home,4,No,Agency,3,1133032.49,377677.49666666664,3665.0299999999997,1221.6766666666665,2,1
C0936,Individual,Carolyn,Brooks,04-10-1951,F,USA,California,Home,3,No,Client,3,782945.97,260981.99,2638.0299999999997,879.3433333333332,2,1
C0937,Individual,Gerald,Chavez,04-03-1982,M,USA,Arizona,Home,5,No,Client,4,1370340.9100000001,342585.22750000004,4509.27,1127.3175,4,0
C0938,Individual,William,Chavez,05-08-1963,M,Russia,Krasnodar Krai,Home,4,No,Website,3,854217.7,284739.23333333334,2555.61,851.87,3,0
C0939,Individual,Anna,Alexander,02-02-1978,F,Belgium,Brussels,Investment,1,No,Website,4,1190833.68,297708.42,3985.45,996.3625,4,0
C0940,Individual,Kyle,Bell,12/19/1985,M,USA,Virginia,Investment,5,No,Website,4,1628937.85,407234.4625,5329.13,1332.2825,3,1
C0941,Individual,Grace,Moore,7/17/1955,F,Mexico,Jalisco,Home,1,No,Agency,3,1028314.09,342771.36333333334,3268.38,1089.46,2,1
C0942,Individual,Joan,Jackson,12/14/1991,F,USA,California,Home,1,No,Website,4,1402631.76,350657.94,4034.65,1008.6625,4,0
C0943,Individual,Karen,Cox,9/13/1957,F,Canada,Manitoba,Investment,5,No,Website,3,975048.28,325016.0933333333,3387.5299999999997,1129.1766666666665,2,1
C0944,Individual,Virginia,Hughes,8/24/1956,F,USA,Florida,Home,2,No,Website,3,1256722.03,418907.3433333333,3850.38,1283.46,2,1
C0945,Individual,Emily,Hayes,09-04-1945,F,France,Provence,Home,4,No,Website,3,973406.55,324468.85000000003,3308.59,1102.8633333333335,3,0
C0946,Individual,Ashley,Weaver,07-04-1946,F,USA,Nevada,Investment,3,Yes,Agency,3,827605.63,275868.54333333333,2691.9300000000003,897.3100000000001,3,0
C0947,Individual,Samantha,Cox,5/16/1981,F,USA,Texas,Home,2,No,Website,3,1096583.29,365527.76333333337,3570.94,1190.3133333333333,3,0
C0948,Individual,Emma,Nelson,12/16/1989,F,USA,California,Investment,3,Yes,Website,4,1532000.51,383000.1275,5197.47,1299.3675,2,2
C0949,Individual,Julia,Price,6/26/1943,F,USA,Colorado,Investment,5,Yes,Client,4,1397057.95,349264.4875,4409.09,1102.2725,3,1
C0950,Individual,Christina,Price,12-11-1991,F,USA,Texas,Investment,5,No,Website,4,1418212.48,354553.12,4587.97,1146.9925,3,1
C0951,Individual,Rachel,Chavez,11/15/1998,F,Mexico,Nuevo Leon,Home,1,Yes,Client,4,1658301.92,414575.48,5163.2,1290.8,4,0
C0952,Individual,Ann,Martin,09-03-1959,F,USA,Oregon,Home,5,No,Website,4,1886501.9300000002,471625.48250000004,6042.6,1510.65,3,1
C0953,Company,Helios,Co,10/22/1995,M,USA,Washington,Home,5,Yes,Website,3,639815.0,213271.66666666666,2517.4300000000003,839.1433333333334,3,0
C0954,Individual,Michael,Evans,04-08-1950,M,France,Brittany,Investment,4,Yes,Agency,4,1493788.0,373447.0,4817.99,1204.4975,3,1
C0955,Individual,Megan,Garcia,01-11-1969,F,USA,California,Home,1,No,Website,3,1098111.78,366037.26,3617.89,1205.9633333333334,3,0
C0956,Individual,Donald,Jackson,03-10-1966,M,USA,California,Home,1,Yes,Website,4,1647197.45,411799.3625,5178.58,1294.645,3,1
C0957,Company,Crestwood,Co,5/21/1961,M,USA,Oregon,Home,2,Yes,Client,4,1295242.02,323810.505,4290.23,1072.5575,4,0
C0958,Individual,Betty,Rogers,07-11-1991,F,USA,Nevada,Home,1,Yes,Website,4,936091.4500000001,234022.86250000002,3338.63,834.6575,4,0
C0959,Individual,Carl,Hayes,9/13/1952,M,USA,California,Home,3,No,Agency,4,1840159.66,460039.915,6291.16,1572.79,4,0
C0960,Individual,Linda,Bennett,04-01-1960,F,USA,Arizona,Investment,1,Yes,Client,4,1380084.58,345021.145,4592.99,1148.2475,3,1
C0961,Individual,Brandon,Morales,08-03-1974,M,UK,Wales,Home,2,Yes,Website,4,1681311.67,420327.9175,5085.38,1271.345,4,0
C0962,Individual,Nicholas,Hansen,7/18/1940,M,USA,California,Home,4,No,Website,4,1335726.82,333931.705,4456.85,1114.2125,4,0
C0963,Individual,James,Davis,08-09-1941,M,Canada,Alberta,Home,4,No,Agency,3,598874.99,199624.99666666667,2036.9099999999999,678.9699999999999,2,1
C0964,Individual,Elizabeth,Hall,9/19/1953,F,USA,California,Home,4,No,Website,3,1015121.6900000001,338373.89666666667,3505.15,1168.3833333333334,3,0
C0965,Individual,Lauren,Adams,9/26/1961,F,USA,New York,Investment,3,No,Website,3,840199.6100000001,280066.5366666667,2586.3199999999997,862.1066666666666,2,1
C0966,Company,Corvus,Co,10-11-1995,M,USA,California,Investment,3,No,Website,4,1606785.0499999998,401696.26249999995,6041.36,1510.34,3,1
C0967,Individual,Jennifer,Moore,1/20/1959,F,USA,California,Home,2,No,Agency,3,705599.66,235199.8866666667,2638.0299999999997,879.3433333333332,2,1
C0968,Individual,Julie,Hansen,11/21/1995,F,USA,Arizona,Home,4,No,Website,3,1089074.71,363024.9033333333,3505.15,1168.3833333333334,2,1
C0969,Individual,Amber,Ward,3/27/1976,F,Russia,Tatarstan,Investment,1,Yes,Agency,3,1118760.19,372920.0633333333,3559.31,1186.4366666666667,2,1
C0970,Individual,Peter,Johnson,12-01-1986,M,Denmark,North Denmark,Home,3,Yes,Website,4,1596404.25,399101.0625,5253.52,1313.38,3,1
C0971,Individual,Cynthia,Mitchell,06-02-1969,F,USA,Colorado,Investment,5,Yes,Website,4,1278450.05,319612.5125,4044.92,1011.23,4,0
C0972,Individual,Sandra,Evans,9/16/1964,F,USA,Arizona,Home,5,No,Agency,4,1298009.03,324502.2575,4291.94,1072.985,4,0
C0973,Individual,Charles,Stone,12-03-1992,M,USA,California,Investment,2,No,Client,4,1595817.1600000001,398954.29000000004,4842.950000000001,1210.7375000000002,3,1
C0974,Individual,Michael,Hansen,5/22/1961,M,USA,New York,Home,1,No,Agency,4,1210990.11,302747.5275,4033.58,1008.395,4,0
C0975,Individual,Gregory,Reyes,07-09-1946,M,USA,Utah,Home,4,No,Website,3,941310.61,313770.2033333333,3150.24,1050.08,3,0
C0976,Individual,Ryan,Miller,7/18/1983,M,USA,California,Home,4,Yes,Website,4,1206149.98,301537.495,3790.9900000000002,947.7475000000001,3,1
C0977,Individual,Ryan,James,04-07-1996,M,USA,California,Home,1,No,Agency,3,944672.95,314890.98333333334,3277.52,1092.5066666666667,3,0
C0978,Individual,Lauren,Brown,11-11-1963,F,USA,California,Home,4,Yes,Website,3,1449360.9100000001,483120.3033333334,4580.87,1526.9566666666667,3,0
C0979,Individual,Madison,Roberts,2/25/1940,F,Canada,Quebec,Investment,4,No,Website,3,864661.4500000001,288220.48333333334,2817.99,939.3299999999999,3,0
C0980,Individual,Daniel,Davis,1/13/1942,M,USA,New York,Investment,1,Yes,Website,3,1156326.6400000001,385442.2133333334,4177.67,1392.5566666666666,2,1
C0981,Individual,Jessica,Stewart,11/14/1961,F,USA,California,Investment,1,No,Website,4,2048324.19,512081.0475,6221.1900000000005,1555.2975000000001,3,1
C0982,Individual,Joyce,Jackson,07-08-1961,F,Canada,Manitoba,Investment,5,Yes,Agency,3,1443503.73,481167.91,4369.08,1456.36,3,0
C0983,Individual,Brittany,Freeman,6/21/1994,F,Germany,North Rhine-Westphalia,Home,4,No,Website,3,803219.7,267739.89999999997,2698.86,899.62,3,0
C0984,Individual,Mark,Johnson,12-03-1962,M,Canada,British Columbia,Home,5,Yes,Agency,3,1206529.21,402176.4033333333,4011.52,1337.1733333333334,2,1
C0985,Individual,Ruth,Griffin,10/15/1954,F,USA,California,Home,1,Yes,Website,3,886990.72,295663.5733333333,2803.3,934.4333333333334,2,1
C0986,Individual,Jacqueline,Ward,10/18/1981,F,Russia,Saint Petersburg,Home,2,No,Website,3,1445226.07,481742.0233333334,4531.13,1510.3766666666668,2,1
C0987,Individual,Maria,Johnson,10/22/1967,F,Germany,North Rhine-Westphalia,Home,1,Yes,Agency,4,1086018.36,271504.59,3936.48,984.12,3,1
C0988,Individual,Douglas,Cooper,4/21/1988,M,USA,Texas,Home,3,Yes,Agency,3,695033.8,231677.93333333335,2172.26,724.0866666666667,3,0
C0989,Individual,Amber,Cook,10/19/1946,F,USA,Oregon,Home,4,No,Website,4,1129907.31,282476.8275,4140.77,1035.1925,3,1
C0990,Individual,Carl,Carter,1/21/1942,M,USA,Utah,Home,4,No,Website,4,1588383.3599999999,397095.83999999997,5287.04,1321.76,4,0
C0991,Individual,Heather,Adams,3/27/1975,F,USA,Nevada,Home,1,No,Website,3,1223116.15,407705.3833333333,4394.54,1464.8466666666666,3,0
C0992,Individual,Scott,Hughes,11/19/1988,M,Denmark,Capital Region,Home,1,Yes,Website,4,1478482.61,369620.6525,4821.86,1205.465,4,0
C0993,Individual,Ryan,Campbell,03-11-1954,M,USA,California,Home,2,Yes,Website,3,530494.44,176831.47999999998,1831.8600000000001,610.62,3,0
C0994,Individual,Michael,Moore,11/26/1976,M,USA,California,Home,3,No,Website,4,1379902.8699999999,344975.71749999997,4751.570000000001,1187.8925000000002,4,0
C0995,Individual,Amanda,Kim,10/14/1949,F,Australia,New South Wales,Home,1,Yes,Website,3,1004120.77,334706.92333333334,3111.33,1037.11,2,1
C0996,Individual,Terry,Howard,06-11-1956,M,Canada,Manitoba,Home,2,Yes,Client,3,888968.0,296322.6666666667,2823.6299999999997,941.2099999999999,2,1
C0997,Individual,Terry,Collins,03-11-1950,M,USA,California,Investment,3,Yes,Agency,3,1607877.07,535959.0233333333,4963.42,1654.4733333333334,2,1
C0998,Company,Grandis,Co,05-06-1969,F,USA,Virginia,Home,4,No,Agency,4,1230552.15,307638.0375,4213.08,1053.27,3,1
C0999,Individual,Jacqueline,Cox,9/15/1969,F,USA,California,Investment,3,No,Agency,3,661984.35,220661.44999999998,2259.94,753.3133333333334,3,0
C1000,Individual,Judith,Parker,7/21/1963,F,USA,Utah,Home,2,Yes,Website,4,1629372.23,407343.0575,5266.620000000001,1316.6550000000002,4,0
C1001,Individual,Aaron,Nelson,7/13/1981,M,USA,California,Home,3,No,Website,4,1650296.94,412574.235,5305.49,1326.3725,4,0
C1002,Individual,Scott,Hughes,06-08-1967,M,USA,California,Home,5,No,Website,3,1064050.72,354683.5733333333,3156.26,1052.0866666666668,2,1
C1003,Individual,Lauren,Bennett,08-11-1977,F,USA,Nevada,Home,2,No,Website,3,1164909.23,388303.07666666666,3911.33,1303.7766666666666,2,1
C1004,Individual,Alexander,Anderson,9/17/1982,M,USA,Oregon,Home,3,Yes,Website,4,1553467.6600000001,388366.91500000004,5016.18,1254.045,4,0
C1005,Individual,Barbara,Chavez,06-07-1988,F,Germany,Hamburg,Home,3,No,Client,3,778101.6000000001,259367.20000000004,2979.01,993.0033333333334,2,1
C1006,Individual,Stephanie,Weaver,12/24/1992,F,USA,Georgia,Home,1,No,Website,3,738938.8,246312.93333333335,2485.17,828.39,3,0
C1007,Individual,Joyce,Brooks,10/25/1948,F,UK,England,Home,4,No,Agency,3,813104.68,271034.89333333337,2541.11,847.0366666666667,2,1
C1008,Company,Sterling,Co,10-02-1987,M,USA,California,Home,2,No,Website,4,1018262.69,254565.6725,3399.16,849.79,4,0
C1009,Individual,Evelyn,Bell,02-11-1950,F,USA,Nevada,Investment,4,Yes,Agency,3,741160.04,247053.34666666668,2913.5699999999997,971.1899999999999,3,0
C1010,Individual,Dennis,Moore,03-10-1964,M,Mexico,Jalisco,Home,4,No,Website,4,1331479.73,332869.9325,4308.78,1077.195,3,1
C1011,Individual,Virginia,Brooks,12/18/1952,F,USA,California,Investment,1,No,Website,4,1281389.3900000001,320347.34750000003,4302.02,1075.505,4,0
C1012,Individual,Raymond,Morales,10/20/1960,M,USA,New York,Home,4,Yes,Website,3,1690270.5,563423.5,5208.1,1736.0333333333335,2,1
C1013,Individual,Stephanie,Patterson,6/19/1994,F,USA,Oregon,Home,1,Yes,Website,4,1627907.97,406976.9925,5192.58,1298.145,3,1
C1014,Individual,David,Weaver,01-06-1969,M,USA,California,Home,3,Yes,Website,3,1278106.36,426035.45333333337,4571.08,1523.6933333333334,3,0
C1015,Individual,Kyle,Davis,09-01-1977,M,USA,California,Home,4,Yes,Website,3,884426.51,294808.83666666667,2919.27,973.09,3,0
C1016,Individual,Andrea,Wilson,04-05-1976,F,USA,California,Home,4,Yes,Agency,4,1542774.6099999999,385693.65249999997,4858.25,1214.5625,3,1
C1017,Individual,Megan,Baker,12/22/1968,F,USA,California,Home,1,Yes,Agency,4,1116371.43,279092.8575,3714.98,928.745,3,1
C1018,Individual,Tiffany,Turner,6/19/1967,F,USA,Colorado,Home,5,Yes,Client,3,845680.5700000001,281893.5233333334,3100.45,1033.4833333333333,3,0
C1019,Individual,Carolyn,Stewart,10/27/1975,F,USA,Nevada,Home,2,No,Client,3,1167255.18,389085.06,3975.2400000000002,1325.0800000000002,3,0
C1020,Individual,Deborah,Morales,7/23/1994,F,USA,California,Home,3,No,Agency,4,1248826.8599999999,312206.71499999997,3976.29,994.0725,3,1
C1021,Individual,Jeffrey,Bryant,09-04-1974,M,USA,California,Investment,1,No,Client,4,1554739.9,388684.975,5363.110000000001,1340.7775000000001,3,1
C1022,Individual,Christina,King,4/17/1984,F,USA,Colorado,Home,1,No,Agency,4,1389709.13,347427.2825,4488.37,1122.0925,3,1
C1023,Individual,Heather,Bell,7/28/1953,F,USA,Nevada,Home,1,Yes,Website,3,1336237.87,445412.62333333335,4798.03,1599.3433333333332,3,0
C1024,Individual,Gregory,Long,08-03-1969,M,USA,Arizona,Investment,2,No,Agency,3,1351032.92,450344.30666666664,4531.13,1510.3766666666668,3,0
C1025,Individual,Michelle,King,1/20/1947,F,USA,California,Home,1,No,Client,3,738424.1799999999,246141.3933333333,2206.07,735.3566666666667,2,1
C1026,Individual,Robert,Parker,08-12-1991,M,USA,California,Investment,1,No,Agency,3,1440775.1,480258.3666666667,4356.79,1452.2633333333333,3,0
C1027,Individual,Gerald,White,12-10-1976,M,USA,California,Investment,1,Yes,Client,3,1554407.81,518135.9366666667,4947.78,1649.26,2,1
C1028,Individual,Nicholas,Cox,04-07-1942,M,USA,California,Home,1,Yes,Website,4,1143826.71,285956.6775,3936.48,984.12,4,0
C1029,Individual,Ryan,Jackson,11-06-1949,M,Australia,Victoria,Home,1,No,Agency,3,946560.97,315520.3233333333,3148.14,1049.3799999999999,3,0
C1030,Individual,Christine,Owens,4/20/1960,F,USA,Ohio,Home,4,No,Website,4,1353543.06,338385.765,4281.9,1070.475,4,0
C1031,Individual,Alexander,Reed,1/13/1989,M,UK,England,Home,1,No,Website,3,1011333.2,337111.06666666665,3265.76,1088.5866666666668,2,1
C1032,Individual,Larry,Freeman,01-03-1977,M,USA,Nevada,Home,5,No,Website,4,1494289.73,373572.4325,4344.91,1086.2275,4,0
C1033,Individual,Eric,Jackson,6/21/1962,M,France,Ile-de-France,Home,2,No,Website,4,1496120.51,374030.1275,5253.52,1313.38,3,1
C1034,Individual,Andrea,Wilson,1/20/1979,F,USA,Colorado,Home,5,No,Client,4,1200049.6,300012.4,3881.5,970.375,3,1
C1035,Individual,Jacob,Williams,02-10-1961,M,USA,Virginia,Home,2,No,Website,4,1528550.1300000001,382137.53250000003,4908.68,1227.17,2,2
C1036,Individual,Martha,Collins,3/13/1988,F,USA,Oregon,Home,2,No,Agency,3,1176436.08,392145.36000000004,4051.48,1350.4933333333333,3,0
C1037,Company,Corvus,Co,01-02-1970,M,Mexico,Baja California,Home,2,Yes,Website,3,1115637.13,371879.0433333333,3570.94,1190.3133333333333,2,1
C1038,Individual,Gerald,Gray,5/25/1959,M,USA,California,Investment,3,No,Website,3,907128.2000000001,302376.0666666667,2817.99,939.3299999999999,3,0
C1039,Individual,Nicholas,Carter,7/17/1962,M,USA,California,Home,1,Yes,Agency,4,1428452.94,357113.235,4842.950000000001,1210.7375000000002,4,0
C1040,Individual,Joseph,Young,04-05-1940,M,USA,California,Investment,5,Yes,Website,3,901095.79,300365.26333333337,2976.66,992.2199999999999,3,0
C1041,Individual,Evelyn,Morris,12-07-1990,F,USA,Nevada,Home,5,Yes,Website,3,1150040.79,383346.93,3911.33,1303.7766666666666,3,0
C1042,Individual,Rebecca,Parker,08-03-1945,F,USA,Nevada,Home,2,No,Agency,4,1325783.46,331445.865,4488.37,1122.0925,4,0
C1043,Individual,Carol,Griffin,7/14/1999,F,USA,Washington,Home,5,No,Website,3,1067911.8599999999,355970.61999999994,4071.58,1357.1933333333334,3,0
C1044,Individual,Eric,Howard,5/15/1971,M,USA,Nevada,Investment,5,No,Website,4,1368036.3900000001,342009.09750000003,4582.14,1145.535,4,0
C1045,Individual,Rebecca,Allen,04-01-1942,F,USA,New York,Home,3,No,Website,3,974840.03,324946.6766666667,3180.34,1060.1133333333335,1,2
C1046,Individual,Maria,Wood,5/21/1969,F,Canada,Quebec,Home,4,Yes,Website,4,1301128.39,325282.0975,4198.799999999999,1049.6999999999998,4,0
C1047,Individual,Ronald,Reyes,12-12-1984,M,USA,Virginia,Home,3,No,Website,3,1333737.83,444579.2766666667,4363.72,1454.5733333333335,3,0
C1048,Individual,Angela,Turner,1/27/1970,F,USA,Oregon,Investment,1,No,Agency,3,1349339.41,449779.8033333333,4317.77,1439.256666666667,2,1
C1049,Individual,Tiffany,Sanders,11-05-1940,F,USA,California,Investment,5,No,Website,3,1214294.1600000001,404764.72000000003,4354.610000000001,1451.5366666666669,3,0
C1050,Individual,Tyler,Watson,10-03-1955,M,USA,Georgia,Home,4,Yes,Website,4,1274655.09,318663.7725,4770.88,1192.72,4,0
C1051,Individual,Cheryl,Hansen,7/19/1958,F,USA,Virginia,Home,1,Yes,Agency,3,894972.26,298324.08666666667,3050.23,1016.7433333333333,2,1
C1052,Individual,Kimberly,Parker,4/24/1953,F,USA,Utah,Home,1,Yes,Agency,4,1008000.54,252000.135,3347.77,836.9425,4,0
C1053,Individual,Adam,Kim,11-10-1974,M,Mexico,Nuevo Leon,Home,2,Yes,Website,3,1280976.9,426992.3,4009.83,1336.61,3,0
C1054,Individual,Edward,Foster,09-04-1989,M,USA,Arizona,Home,2,Yes,Website,3,837920.5800000001,279306.86000000004,2638.0299999999997,879.3433333333332,2,1
C1055,Individual,Jonathan,Bennett,11/20/1972,M,USA,New York,Investment,2,Yes,Website,3,811498.78,270499.5933333333,2779.19,926.3966666666666,2,1
C1056,Individual,Larry,Wilson,1/19/1979,M,USA,Colorado,Home,1,Yes,Website,3,1436352.77,478784.25666666665,5264.81,1754.9366666666667,2,1
C1057,Individual,Jesse,Garcia,4/17/1994,M,USA,Nevada,Investment,5,No,Website,4,1430593.53,357648.3825,5205.6,1301.4,4,0
C1058,Individual,Rachel,Weaver,06-12-1973,F,Germany,Bavaria,Home,3,Yes,Website,4,1526007.8199999998,381501.95499999996,4761.63,1190.4075,3,1
C1059,Individual,Danielle,Davis,6/26/1978,F,USA,California,Home,4,No,Website,3,1266979.76,422326.58666666667,4268.91,1422.97,1,2
C1060,Individual,Christian,Evans,12/25/1940,M,USA,Nevada,Home,5,No,Agency,3,1167625.18,389208.3933333333,3964.51,1321.5033333333333,3,0
C1061,Individual,Stephanie,Smith,06-01-1960,F,UK,Scotland,Home,1,No,Website,4,1689767.29,422441.8225,5691.97,1422.9925,4,0
C1062,Individual,Billy,Foster,12/20/1975,M,USA,California,Home,4,No,Agency,4,1766882.53,441720.6325,5626.43,1406.6075,4,0
C1063,Individual,Nicole,Weaver,12-05-1988,F,USA,New York,Investment,5,Yes,Website,3,1315820.94,438606.98,4062.88,1354.2933333333333,2,1
C1064,Individual,Brandon,Pierce,08-06-1945,M,USA,California,Home,5,Yes,Website,3,695434.77,231811.59,2651.2400000000002,883.7466666666668,2,1
C1065,Individual,Mark,Reyes,01-06-1955,M,USA,Georgia,Home,3,Yes,Client,3,1107631.34,369210.4466666667,3790.73,1263.5766666666666,3,0
C1066,Individual,Ashley,Moore,9/21/1941,F,Australia,Victoria,Home,1,No,Website,4,1208868.77,302217.1925,3963.9500000000003,990.9875000000001,3,1
C1067,Individual,Samuel,Howard,12/24/1942,M,Mexico,Jalisco,Investment,4,No,Agency,3,849001.36,283000.4533333333,2712.1400000000003,904.0466666666667,2,1
C1068,Individual,Kathleen,Carter,02-10-1984,F,USA,California,Home,3,No,Agency,3,1403831.31,467943.77,4827.1,1609.0333333333335,2,1
C1069,Individual,Lawrence,Cox,6/13/1992,M,USA,Virginia,Home,3,Yes,Agency,3,1323760.8399999999,441253.6133333333,4239.18,1413.0600000000002,3,0
C1070,Individual,Virginia,Rogers,6/26/1951,F,Germany,Bavaria,Home,5,No,Agency,3,1286265.1400000001,428755.0466666667,4415.7,1471.8999999999999,3,0
C1071,Individual,Aaron,Johnson,08-11-1966,M,USA,Texas,Home,2,No,Agency,4,1047375.62,261843.905,3498.51,874.6275,3,1
C1072,Individual,Kimberly,Jones,06-10-1962,F,USA,Utah,Home,3,No,Agency,3,829884.93,276628.31,2937.26,979.0866666666667,3,0
C1073,Individual,Carl,Collins,07-02-1955,M,USA,California,Investment,2,No,Website,4,1197808.83,299452.2075,3808.21,952.0525,4,0
C1074,Individual,George,Foster,07-10-1954,M,UK,Northern Ireland,Home,1,No,Website,3,1004700.45,334900.14999999997,3277.6200000000003,1092.5400000000002,2,1
C1075,Individual,Carolyn,Watson,2/17/1975,F,Mexico,Baja California,Home,3,No,Website,4,1178400.08,294600.02,3939.81,984.9525,2,2
C1076,Individual,Betty,Thompson,10/28/1980,F,USA,Florida,Investment,3,No,Agency,3,884169.44,294723.14666666667,2930.45,976.8166666666666,3,0
C1077,Individual,Peter,Griffin,03-07-1982,M,USA,Texas,Investment,2,No,Agency,4,1467449.24,366862.31,4983.74,1245.935,3,1
C1078,Individual,Joshua,Howard,7/22/1940,M,USA,Ohio,Home,1,No,Agency,3,1247337.58,415779.19333333336,3911.33,1303.7766666666666,3,0
C1079,Individual,Steven,Hayes,6/19/1959,M,USA,California,Investment,4,Yes,Website,3,1151228.31,383742.77,4009.83,1336.61,3,0
C1080,Individual,Hannah,Stewart,10-06-1956,F,UK,England,Investment,4,No,Agency,4,1594795.52,398698.88,5701.12,1425.28,4,0
C1081,Company,Meridian,Co,09-08-1974,M,Russia,Novosibirsk,Home,4,Yes,Agency,3,1006584.7,335528.23333333334,3610.17,1203.39,3,0
C1082,Individual,Patricia,Martin,02-04-1993,F,USA,Oregon,Investment,5,Yes,Website,3,829499.85,276499.95,2859.34,953.1133333333333,3,0
C1083,Individual,Pamela,Jackson,10-06-1950,F,USA,Colorado,Investment,4,No,Agency,4,1145122.1,286280.525,3757.95,939.4875,3,1
C1084,Individual,Sarah,Hansen,7/27/1989,F,France,Ile-de-France,Home,4,No,Agency,4,1357921.15,339480.2875,4546.77,1136.6925,3,1
C1085,Individual,Sarah,Flores,10/18/1947,F,Australia,Queensland,Investment,1,No,Client,3,797675.03,265891.6766666667,2984.48,994.8266666666667,3,0
C1086,Individual,Timothy,Montgomery,03-01-1956,M,USA,Colorado,Home,1,Yes,Website,4,1339827.27,334956.8175,4120.84,1030.21,3,1
C1087,Individual,Matthew,Owens,01-03-1984,M,USA,Colorado,Home,3,No,Website,4,1878433.21,469608.3025,6300.43,1575.1075,4,0
C1088,Individual,Nicholas,Stewart,9/26/1998,M,USA,Utah,Home,4,Yes,Agency,3,802271.19,267423.73,2651.24,883.7466666666666,3,0
C1089,Individual,Madison,Ward,9/17/1962,F,USA,Utah,Home,1,Yes,Website,4,959344.08,239836.02,3313.5,828.375,3,1
C1090,Individual,Laura,Moore,09-07-1962,F,Canada,Alberta,Home,3,Yes,Client,3,1217272.58,405757.5266666667,4188.29,1396.0966666666666,2,1
C1091,Individual,Arthur,Phillips,7/21/1984,M,USA,Nevada,Home,1,Yes,Agency,3,741797.49,247265.83,2560.9700000000003,853.6566666666668,3,0
C1092,Individual,Terry,Adams,11/24/1996,M,USA,Oregon,Investment,2,No,Website,3,1213248.05,404416.01666666666,4356.79,1452.2633333333333,3,0
C1093,Individual,Adam,Allen,7/13/1980,M,USA,Oregon,Home,1,Yes,Website,3,805402.8300000001,268467.61000000004,2701.38,900.46,2,1
C1094,Individual,Sarah,Cook,02-12-1960,F,USA,Washington,Home,2,Yes,Website,4,1631407.56,407851.89,5094.1900000000005,1273.5475000000001,3,1
C1095,Individual,Cynthia,Howard,2/26/1940,F,USA,California,Home,3,No,Agency,4,1454366.24,363591.56,5056.05,1264.0125,4,0
C1096,Individual,Grace,Edwards,5/20/1965,F,USA,New York,Home,2,No,Client,4,1756661.91,439165.4775,5358.78,1339.695,4,0
C1097,Individual,Teresa,Pierce,7/16/1962,F,Canada,Alberta,Home,3,Yes,Agency,3,1064342.81,354780.9366666667,3487.85,1162.6166666666666,3,0
C1098,Individual,Paul,Young,10/24/1976,M,USA,California,Investment,3,No,Client,3,1187774.23,395924.74333333335,3870.26,1290.0866666666668,2,1
C1099,Individual,Joan,Scott,6/26/1972,F,USA,Colorado,Home,3,No,Agency,4,1426501.12,356625.28,4612.33,1153.0825,3,1
C1100,Individual,Frank,Thomas,5/14/1940,M,Russia,Novosibirsk,Home,1,No,Website,4,1314225.5899999999,328556.39749999996,4168.6900000000005,1042.1725000000001,4,0
C1101,Individual,Matthew,King,01-03-1964,M,Belgium,Flanders,Home,5,No,Website,4,1037914.4299999999,259478.60749999998,3474.29,868.5725,4,0
C1102,Company,Harmon,Co,05-06-1960,M,Germany,Berlin,Home,2,No,Agency,4,1248456.03,312114.0075,3972.25,993.0625,4,0
C1103,Individual,Jose,Johnson,4/27/1961,M,Belgium,Wallonia,Home,4,No,Agency,4,1206840.81,301710.2025,3989.66,997.415,3,1
C1104,Individual,Christian,Weaver,10/15/1998,M,USA,Utah,Investment,5,Yes,Website,3,893996.19,297998.73,3075.04,1025.0133333333333,3,0
C1105,Individual,Roger,Ward,1/14/1940,M,USA,Nevada,Home,3,Yes,Website,4,1623510.31,405877.5775,5463.780000000001,1365.9450000000002,4,0
C1106,Individual,Sean,Martin,5/16/1982,M,USA,California,Home,1,No,Agency,3,773499.85,257833.28333333333,2528.04,842.68,3,0
C1107,Individual,Frank,Hayes,1/15/1948,M,Canada,British Columbia,Home,1,No,Website,3,1156527.59,385509.1966666667,3804.1400000000003,1268.0466666666669,3,0
C1108,Individual,Helen,Ward,01-12-1994,F,Australia,South Australia,Home,4,No,Website,3,1069904.1,356634.7,3715.08,1238.36,3,0
C1109,Individual,Rebecca,Anderson,09-05-1967,F,USA,California,Home,1,Yes,Client,4,1756965.37,439241.3425,5835.72,1458.93,3,1
C1110,Individual,Harold,Watson,05-12-1977,M,USA,New York,Home,5,Yes,Website,4,1445458.33,361364.5825,4611.639999999999,1152.9099999999999,2,2
C1111,Company,Corvus,Co,1/23/1967,M,USA,California,Home,4,Yes,Website,3,885146.14,295048.7133333333,2691.9300000000003,897.3100000000001,3,0
C1112,Individual,Donald,Green,01-05-1982,M,USA,Nevada,Investment,3,Yes,Website,3,961599.4199999999,320533.13999999996,2927.83,975.9433333333333,2,1
C1113,Individual,Brenda,Martin,8/18/1974,F,USA,Texas,Investment,2,No,Client,4,1162770.88,290692.72,3768.1400000000003,942.0350000000001,3,1
C1114,Individual,Cheryl,Wood,02-04-1992,F,USA,California,Home,3,No,Website,3,872825.73,290941.91,3218.1800000000003,1072.7266666666667,3,0
C1115,Individual,Joseph,Bell,10/24/1973,M,USA,Colorado,Home,3,Yes,Agency,3,1054599.19,351533.0633333333,3326.9900000000002,1108.9966666666667,3,0
C1116,Individual,Angela,Freeman,12/17/1991,F,USA,California,Home,1,Yes,Agency,3,766951.9500000001,255650.65000000002,2638.0299999999997,879.3433333333332,2,1
C1117,Individual,Rebecca,Patterson,2/23/1955,F,Mexico,Mexico City,Home,5,Yes,Website,4,1149629.49,287407.3725,4191.96,1047.99,3,1
C1118,Company,Caldera,Co,4/26/1969,M,UK,Scotland,Investment,2,Yes,Website,3,859368.99,286456.33,2949.95,983.3166666666666,3,0
C1119,Individual,Larry,Green,3/14/1941,M,USA,Oregon,Home,1,Yes,Website,3,938703.6599999999,312901.22,2849.71,949.9033333333333,3,0
C1120,Individual,Kathleen,Carter,7/16/1979,F,USA,Arizona,Home,1,No,Website,4,1371211.29,342802.8225,4494.469999999999,1123.6174999999998,4,0
C1121,Individual,Carolyn,Gray,06-02-1985,F,USA,California,Home,1,No,Client,3,1014661.78,338220.5933333333,3373.5,1124.5,2,1
C1122,Individual,Judith,Evans,10-04-1942,F,USA,California,Home,4,No,Website,4,1558949.2,389737.3,4835.51,1208.8775,4,0
C1123,Individual,Robert,Pierce,03-11-1951,M,USA,Virginia,Home,5,No,Agency,3,1241771.44,413923.8133333333,3851.12,1283.7066666666667,3,0
C1124,Individual,Sharon,Murray,02-04-1976,F,USA,Oregon,Investment,5,Yes,Website,4,1272190.01,318047.5025,4163.5599999999995,1040.8899999999999,4,0
C1125,Individual,Ronald,Price,02-03-1941,M,USA,Oregon,Home,3,No,Agency,3,1186907.08,395635.69333333336,3997.02,1332.34,1,2
C1126,Company,Elara,Co,2/16/1983,M,USA,Virginia,Home,1,Yes,Website,3,893488.2,297829.39999999997,3047.8199999999997,1015.9399999999999,2,1
C1127,Individual,Ann,Cooper,6/15/1943,F,UK,England,Investment,1,No,Website,3,838728.4,279576.13333333336,2797.11,932.37,2,1
C1128,Individual,Brian,Montgomery,12-05-1983,M,USA,California,Investment,1,No,Website,3,1186634.53,395544.8433333333,3992.56,1330.8533333333332,3,0
C1129,Individual,Martha,Hansen,09-03-1945,F,USA,Colorado,Investment,5,No,Agency,4,1463125.26,365781.315,4877.75,1219.4375,4,0
C1130,Individual,Tiffany,Parker,03-01-1987,F,USA,Arizona,Home,5,No,Website,4,1326217.01,331554.2525,4036.92,1009.23,2,2
C1131,Individual,Cheryl,Kim,5/28/1984,F,USA,California,Investment,3,No,Website,3,1210500.79,403500.26333333337,3953.2,1317.7333333333333,3,0
C1132,Individual,Terry,Roberts,1/21/1982,M,USA,New York,Home,2,Yes,Website,3,1383901.27,461300.42333333334,4346.46,1448.82,3,0
C1133,Individual,Jason,Hansen,1/21/1993,M,USA,Oregon,Investment,3,No,Website,4,1427019.92,356754.98,4842.950000000001,1210.7375000000002,4,0
C1134,Individual,Dorothy,Bennett,10-10-1943,F,USA,California,Investment,1,No,Website,4,1088583.78,272145.945,3620.15,905.0375,2,2
C1135,Individual,Melissa,Phillips,9/22/1999,F,Russia,Moscow Oblast,Investment,5,Yes,Client,3,1186082.75,395360.9166666667,3910.42,1303.4733333333334,3,0
C1136,Individual,Shirley,Weaver,4/27/1965,F,USA,California,Home,3,Yes,Agency,3,1016844.64,338948.2133333333,3071.6400000000003,1023.8800000000001,2,1
C1137,Individual,Carol,Price,12/24/1986,F,USA,Nevada,Home,4,Yes,Agency,3,1114902.43,371634.1433333333,3420.52,1140.1733333333334,3,0
C1138,Individual,George,Green,8/24/1964,M,USA,Oregon,Home,1,No,Website,3,840602.9199999999,280200.9733333333,2856.2200000000003,952.0733333333334,3,0
C1139,Individual,Tiffany,Green,03-03-1996,F,USA,California,Home,4,Yes,Client,3,1297382.59,432460.86333333334,4317.77,1439.256666666667,2,1
C1140,Individual,Billy,Jackson,07-01-1976,M,USA,Florida,Home,1,Yes,Website,3,1275809.71,425269.9033333333,3831.8199999999997,1277.2733333333333,2,1
C1141,Individual,Kimberly,Montgomery,1/26/2000,F,USA,Arizona,Investment,3,No,Website,3,990242.33,330080.7766666667,3304.65,1101.55,3,0
C1142,Individual,Julia,Hughes,03-10-1948,F,USA,Colorado,Home,2,Yes,Agency,4,1492680.13,373170.0325,4889.48,1222.37,4,0
C1143,Individual,Michael,Garcia,09-10-1994,M,USA,Arizona,Home,2,Yes,Website,3,1108329.67,369443.2233333333,4031.45,1343.8166666666666,2,1
C1144,Individual,Diane,Young,11-10-1978,F,USA,Georgia,Investment,4,No,Client,4,1244666.12,311166.53,4108.29,1027.0725,4,0
C1145,Individual,Ethan,King,04-04-1993,M,USA,Nevada,Home,5,No,Website,3,1118850.31,372950.10333333333,3802.2200000000003,1267.4066666666668,3,0
C1146,Individual,Richard,Weaver,3/14/1991,M,USA,California,Investment,2,No,Website,3,1037824.43,345941.4766666667,3408.26,1136.0866666666668,2,1
C1147,Individual,Brittany,Edwards,02-09-1978,F,USA,Utah,Home,3,No,Website,3,905314.84,301771.61333333334,3031.59,1010.5300000000001,3,0
C1148,Individual,Joshua,Rogers,7/15/1991,M,Australia,New South Wales,Home,1,Yes,Agency,3,1083677.57,361225.8566666667,3664.15,1221.3833333333334,3,0
C1149,Individual,Kimberly,Thomas,03-06-1980,F,Russia,Tatarstan,Home,3,No,Agency,4,1277449.99,319362.4975,4213.08,1053.27,4,0
C1150,Individual,Tiffany,Cook,11-08-1992,F,USA,Nevada,Investment,4,No,Agency,3,1476970.3,492323.43333333335,4650.38,1550.1266666666668,3,0
C1151,Individual,Tyler,Anderson,12/14/1963,M,USA,Arizona,Investment,2,No,Website,4,1760000.3399999999,440000.08499999996,5400.87,1350.2175,4,0
C1152,Individual,Jason,Williams,9/16/1977,M,USA,Georgia,Home,1,No,Website,4,1654928.32,413732.08,5498.34,1374.585,4,0
C1153,Individual,Scott,Sanders,9/14/1991,M,USA,California,Home,1,No,Website,3,1007630.0,335876.6666666667,3511.06,1170.3533333333332,2,1
C1154,Individual,Jerry,Brown,07-12-1956,M,USA,Utah,Home,5,Yes,Agency,4,1373889.96,343472.49,4541.3,1135.325,4,0
C1155,Individual,William,Young,03-03-1977,M,USA,California,Home,5,No,Website,3,1577625.0,525875.0,5037.32,1679.1066666666666,2,1
C1156,Individual,Dorothy,Kim,5/16/1956,F,USA,Virginia,Home,4,No,Agency,3,859956.66,286652.22000000003,3024.39,1008.13,3,0
C1157,Individual,Kenneth,Davis,11-02-1944,M,Canada,Alberta,Investment,2,No,Website,4,894080.38,223520.095,2865.81,716.4525,4,0
C1158,Individual,Joan,Pierce,5/19/1955,F,USA,California,Investment,2,No,Website,3,941360.29,313786.76333333337,2916.16,972.0533333333333,2,1
C1159,Individual,Gerald,Howard,3/24/1940,M,USA,Nevada,Investment,1,Yes,Website,3,1170550.92,390183.63999999996,3527.05,1175.6833333333334,2,1
C1160,Individual,Walter,Griffin,11/21/1980,M,USA,Florida,Home,2,Yes,Website,4,1359425.8599999999,339856.46499999997,4407.95,1101.9875,3,1
C1161,Individual,Stephen,White,02-12-1994,M,Canada,Alberta,Investment,3,Yes,Website,4,2022416.31,505604.0775,5945.3099999999995,1486.3274999999999,3,1
C1162,Individual,Charles,Nelson,1/25/1962,M,USA,California,Investment,2,No,Website,4,1116223.63,279055.9075,3490.7200000000003,872.6800000000001,4,0
C1163,Individual,Noah,Morales,10/26/1998,M,USA,California,Home,3,Yes,Website,4,1202709.18,300677.295,4239.35,1059.8375,2,2
C1164,Individual,Emma,Watson,04-11-1968,F,Belgium,Wallonia,Home,3,Yes,Agency,4,1315287.03,328821.7575,4678.46,1169.615,2,2
C1165,Individual,Victoria,Alexander,9/26/1994,F,Russia,Moscow Oblast,Home,1,No,Website,3,970705.3999999999,323568.4666666666,3239.7799999999997,1079.9266666666665,3,0
C1166,Individual,Scott,Hall,11/15/1991,M,USA,New York,Investment,1,No,Website,4,1163601.79,290900.4475,3757.95,939.4875,4,0
C1167,Individual,Kevin,Alexander,12/20/1967,M,UK,Scotland,Home,3,No,Website,3,1163104.83,387701.61000000004,3581.32,1193.7733333333333,2,1
C1168,Individual,Brittany,Reyes,12/25/1998,F,Germany,Hamburg,Home,2,Yes,Agency,4,1081069.19,270267.2975,3604.98,901.245,4,0
C1169,Individual,Noah,Bryant,01-05-1994,M,Russia,Saint Petersburg,Home,5,Yes,Agency,4,900300.22,225075.055,3330.46,832.615,3,1
C1170,Individual,Amanda,Collins,02-09-1990,F,USA,Nevada,Home,1,Yes,Website,4,1165955.62,291488.905,4039.73,1009.9325,3,1
C1171,Individual,Anna,Patterson,8/21/1984,F,USA,California,Investment,4,Yes,Website,4,1561809.25,390452.3125,5107.95,1276.9875,4,0
C1172,Individual,Victoria,Freeman,11-05-1942,F,USA,Nevada,Home,5,No,Website,4,1240274.79,310068.6975,3961.79,990.4475,3,1
C1173,Individual,Cheryl,Price,11-02-1984,F,Canada,Manitoba,Investment,1,No,Website,4,1261072.17,315268.0425,4059.93,1014.9825,4,0
C1174,Individual,Kenneth,White,07-06-1982,M,USA,Nevada,Home,2,No,Agency,4,1414798.99,353699.7475,4979.219999999999,1244.8049999999998,3,1
C1175,Individual,Evelyn,Long,9/27/1959,F,USA,California,Home,2,No,Website,4,1766232.62,441558.155,5797.51,1449.3775,4,0
C1176,Individual,Lauren,Baker,06-03-1975,F,USA,California,Investment,4,Yes,Agency,3,1003328.89,334442.9633333333,3511.06,1170.3533333333332,1,2
C1177,Individual,Larry,Sanders,09-05-1998,M,USA,California,Investment,2,No,Agency,4,1047224.2699999999,261806.06749999998,3264.6400000000003,816.1600000000001,2,2
C1178,Individual,Jessica,Richardson,7/16/1950,F,USA,California,Home,1,No,Agency,3,744651.07,248217.02333333332,2404.38,801.46,3,0
C1179,Individual,Melissa,Anderson,02-09-1991,F,USA,California,Home,4,No,Agency,3,848152.02,282717.34,3137.6000000000004,1045.8666666666668,3,0
C1180,Individual,Deborah,Miller,07-11-1995,F,Belgium,Brussels,Home,2,Yes,Website,4,1111089.24,277772.31,4202.29,1050.5725,3,1
C1181,Individual,Judith,Hansen,3/23/1956,F,USA,Nevada,Investment,5,No,Website,3,743723.3099999999,247907.77,2817.99,939.3299999999999,3,0
C1182,Individual,Christopher,Murray,03-11-1961,M,Germany,Bavaria,Investment,3,Yes,Website,4,1522183.38,380545.845,5076.26,1269.065,4,0
C1183,Individual,Carl,Rogers,11/14/1993,M,USA,Arizona,Investment,1,No,Website,4,1364593.88,341148.47,4353.53,1088.3825,4,0
C1184,Individual,David,Nelson,4/14/1953,M,France,Ile-de-France,Home,2,No,Website,3,500255.63,166751.87666666668,1872.71,624.2366666666667,2,1
C1185,Individual,Ronald,Peterson,6/27/2000,M,USA,California,Home,3,No,Website,4,1218570.99,304642.7475,4119.65,1029.9125,4,0
C1186,Individual,Victoria,Bennett,6/27/1978,F,USA,Nevada,Home,3,Yes,Website,3,1141153.96,380384.6533333333,3665.0299999999997,1221.6766666666665,2,1
C1187,Individual,Melissa,Pierce,3/18/1962,F,USA,Nevada,Home,4,No,Website,3,1097539.23,365846.41,3277.52,1092.5066666666667,3,0
C1188,Individual,Matthew,White,11-01-1995,M,Canada,Alberta,Home,1,No,Client,4,1437535.25,359383.8125,4761.63,1190.4075,2,2
C1189,Individual,Peter,Alexander,1/22/1963,M,USA,Florida,Home,2,Yes,Client,4,1180295.09,295073.7725,3956.87,989.2175,2,2
C1190,Individual,Sandra,Baker,08-04-1946,F,USA,Texas,Home,4,No,Client,4,1358669.02,339667.255,4462.44,1115.61,4,0
C1191,Individual,Mary,Cox,4/17/1950,F,USA,California,Investment,3,No,Website,3,1095538.81,365179.60333333333,4071.58,1357.1933333333334,2,1
C1192,Individual,Adam,Jones,01-05-2000,M,USA,Florida,Home,5,No,Website,4,1111237.94,277809.485,3764.54,941.135,2,2
C1193,Individual,Amy,Owens,4/20/1975,F,UK,England,Home,1,No,Website,4,946796.24,236699.06,2865.81,716.4525,2,2
C1194,Individual,Melissa,Brooks,6/17/1943,F,USA,Colorado,Home,1,No,Website,3,1084957.53,361652.51,3791.59,1263.8633333333335,2,1
C1195,Individual,Anna,Pierce,06-07-1990,F,USA,California,Home,4,Yes,Agency,4,1118238.91,279559.7275,3643.7,910.925,3,1
C1196,Individual,William,Freeman,09-03-1955,M,USA,Nevada,Home,2,No,Agency,4,1731153.76,432788.44,5425.28,1356.32,4,0
C1197,Individual,Deborah,Roberts,04-10-1959,F,USA,Arizona,Home,4,No,Website,3,1439595.57,479865.19,4414.34,1471.4466666666667,3,0
C1198,Individual,Lisa,Young,1/21/1960,F,USA,New York,Home,1,No,Agency,3,1415391.5899999999,471797.1966666666,4479.73,1493.243333333333,2,1
C1199,Individual,Justin,Campbell,03-03-1943,M,USA,Colorado,Home,2,No,Website,4,1013002.89,253250.7225,3641.17,910.2925,3,1
C1200,Individual,Henry,Taylor,11-03-1969,M,USA,Utah,Home,4,No,Agency,4,1789601.3299999998,447400.33249999996,5691.97,1422.9925,3,1
C1201,Individual,Timothy,Stewart,3/22/2000,M,USA,Oregon,Investment,1,Yes,Website,4,1063833.91,265958.4775,3585.01,896.2525,4,0
C1202,Company,Telnox,Co,05-09-1985,M,Canada,Quebec,Investment,5,Yes,Website,4,1527115.1600000001,381778.79000000004,5055.1,1263.775,4,0
C1203,Individual,Ashley,Green,1/18/1962,F,USA,Arizona,Home,2,Yes,Website,3,1083378.55,361126.18333333335,3988.71,1329.57,2,1
C1204,Individual,William,Reed,04-03-1992,M,Mexico,Puebla,Investment,2,Yes,Website,3,1231356.24,410452.08,3840.84,1280.28,3,0
C1205,Individual,Patrick,Pierce,5/15/1959,M,Belgium,Flanders,Home,4,No,Website,3,968123.38,322707.79333333333,3230.07,1076.69,3,0
C1206,Individual,Melissa,Baker,12-09-1957,F,USA,California,Investment,5,No,Website,3,941726.19,313908.73,3421.2,1140.3999999999999,3,0
C1207,Individual,Lauren,Price,10/24/1973,F,USA,Texas,Home,5,Yes,Agency,4,1084392.98,271098.245,4040.38,1010.095,3,1
C1208,Individual,Noah,Ward,11/27/1977,M,USA,Colorado,Home,1,No,Website,3,1277019.82,425673.2733333334,4431.09,1477.03,2,1
C1209,Individual,Tiffany,Kim,07-01-1978,F,USA,California,Home,4,Yes,Website,4,1201633.01,300408.2525,4493.27,1123.3175,4,0
C1210,Individual,Dennis,Cox,06-04-1991,M,USA,California,Investment,1,No,Website,4,1146800.83,286700.2075,3589.88,897.47,3,1
C1211,Individual,Kathleen,Owens,07-10-1996,F,Canada,British Columbia,Home,5,Yes,Website,4,1447927.02,361981.755,4668.42,1167.105,4,0
C1212,Individual,Lawrence,Gray,07-11-1957,M,USA,California,Home,1,No,Agency,4,1052290.76,263072.69,3616.0400000000004,904.0100000000001,4,0
C1213,Individual,Ruth,Martin,08-06-1993,F,Canada,Manitoba,Home,5,No,Website,3,829461.56,276487.1866666667,2699.97,899.9899999999999,3,0
C1214,Individual,Jennifer,Peterson,08-10-2000,F,USA,Florida,Home,1,No,Agency,4,1725018.4100000001,431254.60250000004,5784.45,1446.1125,4,0
C1215,Individual,Charles,Patterson,7/24/1994,M,USA,California,Home,3,No,Website,3,1140423.3800000001,380141.1266666667,3313.53,1104.51,1,2
C1216,Individual,Martha,Jordan,07-10-1997,F,France,Normandy,Home,4,No,Website,3,1191384.37,397128.12333333335,4394.54,1464.8466666666666,3,0
C1217,Individual,William,Carter,01-05-1997,M,USA,California,Investment,4,Yes,Website,3,1007204.78,335734.9266666667,3559.31,1186.4366666666667,3,0
C1218,Individual,Teresa,Smith,12/28/1941,F,USA,California,Home,1,Yes,Website,4,1308613.5699999998,327153.39249999996,4486.1,1121.525,4,0
C1219,Individual,Danielle,Howard,12-06-1983,F,USA,Arizona,Home,1,Yes,Website,3,867409.27,289136.42333333334,3223.87,1074.6233333333332,3,0
C1220,Individual,Christina,Martin,09-08-1967,F,USA,Colorado,Investment,4,Yes,Website,4,1471199.75,367799.9375,5016.18,1254.045,3,1
C1221,Individual,Cynthia,Thomas,5/23/1984,F,USA,Nevada,Investment,2,No,Agency,3,1354868.93,451622.9766666666,4695.97,1565.3233333333335,3,0
C1222,Individual,Christopher,Taylor,01-07-1969,M,USA,Utah,Home,4,No,Website,3,1319349.8599999999,439783.2866666666,4087.15,1362.3833333333334,3,0
C1223,Individual,Sharon,Stone,9/17/1952,F,USA,Washington,Home,4,No,Website,3,1072582.78,357527.5933333333,4109.1900000000005,1369.7300000000002,3,0
C1224,Individual,Paul,Carter,6/13/1942,M,USA,New York,Investment,5,Yes,Client,3,827238.27,275746.09,2892.7999999999997,964.2666666666665,3,0
C1225,Individual,Larry,James,11-10-1990,M,USA,Oregon,Home,2,No,Website,3,1122587.7,374195.89999999997,3505.01,1168.3366666666668,2,1
C1226,Individual,Michael,Sanders,05-01-1989,M,USA,Utah,Home,4,No,Website,3,972596.1300000001,324198.71,3248.69,1082.8966666666668,3,0
C1227,Individual,Alexander,Reyes,3/13/1987,M,USA,Colorado,Home,3,Yes,Agency,4,2151534.73,537883.6825,6705.53,1676.3825,4,0
C1228,Individual,Joseph,Howard,07-07-1954,M,USA,California,Home,2,No,Website,3,1058718.77,352906.25666666665,3373.5,1124.5,3,0
C1229,Individual,Madison,Reyes,11-02-1994,F,UK,Scotland,Home,1,Yes,Website,3,1185126.78,395042.26,3910.42,1303.4733333333334,3,0
C1230,Individual,Lawrence,Parker,2/18/1985,M,USA,California,Home,5,No,Client,3,759973.15,253324.38333333333,2404.38,801.46,1,2
C1231,Individual,Betty,Carter,12-09-1954,F,USA,California,Home,2,No,Agency,3,859705.1699999999,286568.38999999996,2768.0,922.6666666666666,1,2
C1232,Individual,Mary,Jackson,9/23/1989,F,Canada,British Columbia,Home,3,No,Website,4,1527373.03,381843.2575,4695.25,1173.8125,4,0
C1233,Individual,Brian,Scott,08-05-1979,M,USA,Utah,Home,4,No,Website,3,936287.8,312095.93333333335,3236.3599999999997,1078.7866666666666,3,0
C1234,Individual,Karen,King,1/20/1957,F,USA,Colorado,Investment,1,No,Website,4,1463190.28,365797.57,5112.18,1278.045,4,0
C1235,Individual,Michael,Morales,5/27/1957,M,USA,Arizona,Home,2,No,Website,4,1271344.1099999999,317836.02749999997,4101.29,1025.3225,3,1
C1236,Individual,Brandon,Cook,8/24/1972,M,USA,Arizona,Home,4,Yes,Website,4,1747766.02,436941.505,5661.93,1415.4825,4,0
C1237,Individual,Helen,Cook,9/25/1943,F,UK,Wales,Investment,4,Yes,Website,3,688233.74,229411.24666666667,2326.7,775.5666666666666,2,1
C1238,Individual,Joshua,Bennett,4/22/1946,M,USA,Nevada,Home,1,Yes,Agency,4,1648873.57,412218.3925,5374.63,1343.6575,4,0
C1239,Individual,Catherine,Adams,02-07-1953,F,USA,Oregon,Home,3,No,Agency,4,1457041.08,364260.27,4456.85,1114.2125,4,0
C1240,Individual,Gloria,Wright,11-12-1984,F,USA,Nevada,Investment,4,Yes,Website,3,1018594.4400000001,339531.48000000004,3313.53,1104.51,2,1
C1241,Individual,Danielle,Martin,8/19/1973,F,USA,California,Home,1,No,Agency,4,1157084.5899999999,289271.14749999996,3795.34,948.835,4,0
C1242,Individual,Gerald,Collins,9/22/1961,M,USA,California,Home,3,Yes,Website,3,1055842.78,351947.5933333333,3415.27,1138.4233333333334,3,0
C1243,Individual,Jeffrey,Edwards,10-04-1948,M,USA,Colorado,Home,1,No,Website,4,1419502.04,354875.51,4986.47,1246.6175,4,0
C1244,Individual,Joseph,Phillips,06-10-1992,M,USA,Utah,Investment,5,Yes,Website,3,1438309.93,479436.6433333333,4539.51,1513.17,1,2
C1245,Individual,Edward,Reyes,02-10-1963,M,USA,California,Home,3,Yes,Agency,3,1422519.51,474173.17,4588.39,1529.4633333333334,3,0
C1246,Individual,Joyce,Jackson,05-10-1943,F,Canada,Alberta,Home,2,No,Agency,3,859984.47,286661.49,2942.6099999999997,980.8699999999999,2,1
C1247,Individual,Judy,Moore,04-09-1957,F,USA,Nevada,Investment,2,No,Website,4,1774416.3199999998,443604.07999999996,5958.92,1489.73,4,0
C1248,Individual,Sara,Scott,07-04-1976,F,USA,Arizona,Home,3,No,Agency,3,786895.89,262298.63,2698.86,899.62,3,0
C1249,Individual,Janet,James,7/14/1971,F,USA,California,Investment,1,No,Website,4,1289938.6400000001,322484.66000000003,4584.0599999999995,1146.0149999999999,2,2
C1250,Individual,Jordan,Stewart,4/19/1950,M,USA,Nevada,Home,5,No,Agency,3,1582661.61,527553.87,5023.62,1674.54,2,1
C1251,Individual,Aaron,Thompson,11-01-1975,M,USA,Texas,Investment,5,No,Website,4,1246714.37,311678.5925,3868.0,967.0,2,2
C1252,Individual,Margaret,Cook,2/27/1962,F,USA,Arizona,Home,3,Yes,Website,3,1137673.55,379224.51666666666,3665.0299999999997,1221.6766666666665,3,0
C1253,Individual,Jason,Flores,9/24/1991,M,USA,California,Home,2,No,Agency,3,767162.2200000001,255720.74000000002,2443.06,814.3533333333334,2,1
C1254,Individual,Ethan,Freeman,04-04-1956,M,USA,California,Home,5,Yes,Agency,4,1604050.8800000001,401012.72000000003,5119.6,1279.9,4,0
C1255,Individual,Mark,Patterson,9/15/1999,M,USA,California,Home,3,No,Agency,4,1105130.19,276282.5475,3768.14,942.035,3,1
C1256,Company,Triton,Co,2/18/1972,F,USA,California,Investment,4,No,Agency,3,1227293.02,409097.67333333334,4071.58,1357.1933333333334,2,1
C1257,Individual,Michael,Scott,12/22/1991,M,USA,California,Home,5,Yes,Agency,3,850550.13,283516.71,2680.13,893.3766666666667,3,0
C1258,Individual,Betty,Stone,6/22/1969,F,USA,Nevada,Home,1,No,Website,4,1015636.19,253909.0475,3285.42,821.355,3,1
C1259,Individual,William,Edwards,2/19/1971,M,USA,California,Investment,3,Yes,Agency,4,1256766.51,314191.6275,4016.63,1004.1575,3,1
C1260,Individual,Elizabeth,Ward,8/24/1992,F,USA,California,Home,2,No,Agency,4,1633449.34,408362.335,5692.69,1423.1725,3,1
C1261,Individual,Patrick,Kim,09-03-1976,M,USA,Utah,Home,3,No,Client,3,1491163.72,497054.5733333333,4512.84,1504.28,3,0
C1262,Individual,Dorothy,Evans,11-10-1950,F,USA,California,Investment,4,No,Agency,3,961425.37,320475.12333333335,3231.9700000000003,1077.3233333333335,3,0
C1263,Individual,Lawrence,Alexander,11/17/1951,M,USA,California,Investment,3,No,Agency,4,1975384.2000000002,493846.05000000005,6410.68,1602.67,4,0
C1264,Individual,Sarah,Garcia,12-06-1999,F,USA,California,Investment,1,No,Agency,3,1287173.46,429057.82,4356.79,1452.2633333333333,2,1
C1265,Individual,Gary,White,3/24/1943,M,USA,Washington,Home,1,Yes,Agency,3,1070432.96,356810.98666666663,3977.13,1325.71,3,0
C1266,Individual,Christopher,Hughes,6/20/1952,M,UK,England,Home,2,No,Website,4,1204291.73,301072.9325,4407.95,1101.9875,4,0
C1267,Individual,Dorothy,Peterson,04-07-1965,F,USA,Colorado,Home,3,Yes,Website,3,1399933.8800000001,466644.6266666667,4588.39,1529.4633333333334,3,0
C1268,Individual,Gloria,Green,10-01-1995,F,UK,Northern Ireland,Investment,1,Yes,Website,3,968928.25,322976.0833333333,3009.94,1003.3133333333334,3,0
C1269,Individual,Jack,Bennett,9/28/1964,M,USA,California,Home,5,No,Website,3,1046535.0,348845.0,3507.1400000000003,1169.0466666666669,3,0
C1270,Individual,Cheryl,Ward,10/18/1978,F,USA,Texas,Home,4,No,Agency,3,1310435.53,436811.8433333333,4397.76,1465.92,3,0
C1271,Individual,Noah,Anderson,09-10-1992,M,USA,California,Home,2,Yes,Agency,4,1296911.85,324227.9625,4162.07,1040.5175,3,1
C1272,Individual,Ryan,Collins,5/13/1941,M,France,Occitanie,Home,1,Yes,Website,3,778830.7999999999,259610.26666666663,2698.86,899.62,3,0
C1273,Individual,Gerald,Jordan,5/13/1968,M,Canada,Alberta,Home,5,No,Website,3,1462080.32,487360.1066666667,4776.37,1592.1233333333332,3,0
C1274,Individual,Linda,Jones,07-09-1979,F,USA,California,Investment,1,Yes,Website,3,1038831.8500000001,346277.2833333334,3581.32,1193.7733333333333,3,0
C1275,Individual,Jessica,Roberts,2/26/1969,F,USA,Georgia,Investment,1,No,Website,4,1737593.0,434398.25,5251.29,1312.8225,3,1
C1276,Individual,Arthur,Griffin,03-09-1940,M,Australia,Victoria,Home,1,Yes,Agency,3,1635917.97,545305.99,5264.81,1754.9366666666667,1,2
C1277,Individual,Lauren,Griffin,04-01-1981,F,USA,California,Investment,2,No,Agency,3,1270250.68,423416.8933333333,3802.2200000000003,1267.4066666666668,2,1
C1278,Individual,Arthur,Griffin,7/25/1997,M,USA,Utah,Home,4,No,Website,3,685587.81,228529.27000000002,2373.1200000000003,791.0400000000001,3,0
C1279,Individual,Peter,Martin,10-12-1943,M,USA,California,Home,4,Yes,Website,3,1278123.59,426041.1966666667,4099.6900000000005,1366.5633333333335,3,0
C1280,Individual,Jacob,Bennett,9/19/1953,M,USA,Texas,Home,2,Yes,Website,3,1295836.68,431945.56,4335.88,1445.2933333333333,3,0
C1281,Individual,Deborah,Edwards,06-12-1998,F,Canada,Manitoba,Investment,2,Yes,Website,3,889312.14,296437.38,2699.97,899.9899999999999,3,0
C1282,Individual,Ashley,Taylor,5/18/1996,F,USA,Colorado,Investment,3,Yes,Agency,4,1302998.6,325749.65,4621.88,1155.47,4,0
C1283,Individual,Janice,Collins,11-08-1945,F,USA,New York,Home,3,No,Agency,4,1479050.94,369762.735,4742.36,1185.59,2,2
C1284,Individual,Patrick,Bennett,10/16/1955,M,USA,California,Home,2,No,Website,4,1443865.51,360966.3775,4446.59,1111.6475,3,1
C1285,Individual,Steven,Cox,03-02-1954,M,USA,Utah,Home,4,Yes,Website,3,1609592.58,536530.86,5041.58,1680.5266666666666,2,1
C1286,Individual,Stephen,Evans,07-10-1963,M,USA,California,Home,5,No,Agency,3,1203306.91,401102.3033333333,3577.7799999999997,1192.5933333333332,3,0
C1287,Individual,Diane,Hughes,04-07-1998,F,USA,California,Investment,4,No,Website,3,843581.37,281193.79,2704.88,901.6266666666667,1,2
C1288,Individual,Sean,Cooper,1/20/1941,M,Belgium,Wallonia,Home,3,No,Agency,3,971136.6900000001,323712.23000000004,3466.39,1155.4633333333334,3,0
C1289,Individual,Samuel,Freeman,7/26/1973,M,Mexico,Jalisco,Investment,1,Yes,Agency,4,1076161.8599999999,269040.46499999997,3418.32,854.58,4,0
C1290,Individual,Teresa,Long,10/24/1973,F,USA,Washington,Home,3,Yes,Website,4,1332432.9100000001,333108.22750000004,4780.75,1195.1875,4,0
C1291,Individual,Paul,Johnson,11-09-1983,M,USA,California,Investment,5,Yes,Website,3,1123403.46,374467.82,3721.8199999999997,1240.6066666666666,3,0
C1292,Individual,Jordan,Evans,5/22/1977,M,USA,Texas,Investment,5,Yes,Website,4,1099365.94,274841.485,4001.66,1000.415,3,1
C1293,Individual,Anna,Wright,08-01-1972,F,USA,California,Home,1,No,Agency,4,1853570.08,463392.52,6208.6,1552.15,3,1
C1294,Individual,Henry,Davis,02-09-1963,M,Canada,Ontario,Investment,3,Yes,Agency,3,1220533.28,406844.4266666667,4114.84,1371.6133333333335,3,0
C1295,Individual,Anna,Bryant,4/21/1992,F,USA,California,Investment,1,Yes,Website,4,1478836.57,369709.1425,4809.0599999999995,1202.2649999999999,4,0
C1296,Individual,Keith,Hughes,06-02-1963,M,USA,Virginia,Home,1,No,Website,3,1025127.71,341709.23666666663,3268.38,1089.46,2,1
C1297,Company,Vertex,Co,09-06-1983,M,Germany,Berlin,Home,5,No,Website,3,1169866.19,389955.39666666667,3802.2200000000003,1267.4066666666668,2,1
C1298,Individual,Margaret,Taylor,08-04-1968,F,USA,California,Home,2,No,Agency,4,1571360.11,392840.0275,5107.29,1276.8225,4,0
C1299,Individual,Karen,James,05-05-1944,F,USA,California,Investment,3,No,Website,3,1296600.42,432200.13999999996,4320.58,1440.1933333333334,3,0
C1300,Individual,Judith,Collins,01-06-1961,F,USA,California,Home,2,No,Website,3,1428770.88,476256.95999999996,4354.610000000001,1451.5366666666669,1,2
C1301,Individual,Benjamin,Hayes,12/17/1955,M,USA,Virginia,Home,2,No,Agency,3,742139.88,247379.96,2555.6099999999997,851.8699999999999,2,1
C1302,Individual,Jerry,Anderson,4/19/1996,M,USA,Arizona,Investment,5,No,Website,4,1709532.6,427383.15,5945.3099999999995,1486.3274999999999,3,1
C1303,Individual,Christian,Miller,8/22/1962,M,USA,Arizona,Home,3,Yes,Website,3,979418.98,326472.99333333335,3319.06,1106.3533333333332,3,0
C1304,Individual,Angela,Cook,06-08-1985,F,USA,California,Investment,1,No,Website,3,965747.81,321915.9366666667,3148.14,1049.3799999999999,3,0
C1305,Individual,Catherine,Anderson,9/17/1978,F,USA,Georgia,Home,4,No,Website,4,1034190.9,258547.725,3412.28,853.07,4,0
C1306,Individual,Kathleen,Morales,3/18/1948,F,USA,Washington,Home,5,No,Website,3,967094.76,322364.92,3272.3199999999997,1090.7733333333333,2,1
C1307,Individual,Rachel,Rogers,2/14/1993,F,USA,Colorado,Home,5,No,Agency,3,920439.02,306813.00666666665,3038.88,1012.96,3,0
C1308,Individual,Timothy,Sanders,03-04-2000,M,USA,California,Investment,5,No,Agency,4,1363559.13,340889.7825,4168.79,1042.1975,3,1
C1309,Individual,David,Reyes,12-06-1999,M,USA,California,Home,5,No,Website,3,1460171.4100000001,486723.8033333334,5023.62,1674.54,3,0
C1310,Individual,Ann,Roberts,05-04-1955,F,USA,New York,Home,5,No,Agency,4,1244334.1400000001,311083.53500000003,4308.78,1077.195,4,0
C1311,Individual,Christopher,Ward,8/14/1940,M,UK,England,Home,4,Yes,Client,3,1352275.6400000001,450758.5466666667,3990.65,1330.2166666666667,3,0
C1312,Individual,Timothy,Stone,09-03-1942,M,USA,New York,Home,5,No,Website,3,786877.06,262292.35333333333,2404.38,801.46,3,0
C1313,Individual,Heather,Reed,3/17/1972,F,Australia,Western Australia,Investment,3,No,Website,3,997579.61,332526.5366666667,3415.27,1138.4233333333334,3,0
C1314,Individual,Rachel,Miller,9/17/1964,F,USA,Arizona,Home,3,No,Website,3,803329.23,267776.41,3111.33,1037.11,3,0
C1315,Individual,Joshua,Garcia,12/24/1948,M,USA,Colorado,Home,3,No,Agency,3,1066308.48,355436.16,3408.63,1136.21,3,0
C1316,Individual,Emma,King,05-09-1993,F,USA,Colorado,Home,2,Yes,Website,4,1238162.97,309540.7425,4211.33,1052.8325,4,0
C1317,Company,Atlas,Co,11/27/1973,M,USA,Utah,Home,2,Yes,Website,3,1315200.12,438400.04000000004,4381.48,1460.493333333333,3,0
C1318,Individual,William,Montgomery,1/18/1943,M,USA,Texas,Home,1,No,Website,4,1423923.98,355980.995,4678.46,1169.615,3,1
C1319,Individual,Grace,James,8/17/1954,F,USA,Florida,Home,3,Yes,Client,4,1424704.13,356176.0325,4910.58,1227.645,4,0
C1320,Individual,Peter,Reyes,05-03-1969,M,USA,California,Investment,1,No,Website,3,1077693.04,359231.01333333337,3387.5299999999997,1129.1766666666665,3,0
C1321,Individual,Christopher,Reed,09-11-1990,M,USA,Colorado,Investment,5,No,Client,3,787847.37,262615.79,2561.44,853.8133333333334,3,0
C1322,Individual,Barbara,Reyes,12/26/1994,F,USA,California,Home,5,No,Agency,3,1094026.3399999999,364675.4466666666,3765.36,1255.1200000000001,3,0
C1323,Individual,Nicholas,Moore,7/28/1963,M,USA,Utah,Home,3,No,Website,4,1180654.6,295163.65,3901.69,975.4225,4,0
C1324,Individual,Carl,Edwards,4/21/1992,M,USA,Arizona,Investment,2,Yes,Agency,3,1323306.51,441102.17,4414.860000000001,1471.6200000000001,3,0
C1325,Individual,George,Jones,12-09-1974,M,Canada,Alberta,Home,5,Yes,Agency,4,1380292.56,345073.14,4392.67,1098.1675,4,0
C1326,Individual,Brandon,Mitchell,5/22/1944,M,USA,Colorado,Investment,4,No,Website,4,1489578.01,372394.5025,4956.58,1239.145,3,1
C1327,Individual,Betty,Carter,5/14/1993,F,USA,California,Home,4,Yes,Website,3,664017.81,221339.27000000002,2326.7,775.5666666666666,3,0
C1328,Individual,Sandra,Cooper,7/23/1956,F,USA,Washington,Home,4,No,Website,4,1337283.29,334320.8225,4695.25,1173.8125,4,0
C1329,Individual,Scott,Parker,4/28/1968,M,USA,California,Investment,3,Yes,Agency,3,1041797.56,347265.85333333333,3381.45,1127.1499999999999,3,0
C1330,Individual,Kelly,James,05-02-1975,F,USA,Colorado,Investment,2,No,Agency,4,835096.87,208774.2175,2798.18,699.545,3,1
C1331,Individual,Christina,Bennett,10-06-1986,F,USA,California,Investment,1,No,Agency,3,1047958.11,349319.37,3339.87,1113.29,0,3
C1332,Individual,Michael,Howard,12-11-1995,M,USA,Washington,Investment,5,Yes,Agency,3,1227353.63,409117.87666666665,4051.48,1350.4933333333333,3,0
C1333,Individual,Jack,Hansen,3/27/1988,M,USA,Nevada,Investment,2,Yes,Website,4,1364310.45,341077.6125,4587.97,1146.9925,3,1
C1334,Individual,Victoria,Nelson,12-08-1965,F,USA,California,Home,5,Yes,Agency,4,1906641.78,476660.445,6208.6,1552.15,3,1
C1335,Individual,Elizabeth,Hall,05-01-1982,F,USA,Oregon,Investment,2,Yes,Website,3,1001510.5800000001,333836.86000000004,3210.58,1070.1933333333334,3,0
C1336,Individual,Joyce,Thompson,12-09-1948,F,USA,California,Home,5,No,Client,4,1371591.4,342897.85,4729.49,1182.3725,3,1
C1337,Individual,Jennifer,Johnson,9/20/1953,F,USA,California,Investment,5,No,Website,4,1310989.71,327747.4275,4295.62,1073.905,3,1
C1338,Individual,Christine,James,12-01-1968,F,USA,California,Home,2,Yes,Website,3,1096818.64,365606.2133333333,3507.1400000000003,1169.0466666666669,3,0
C1339,Company,Rexon,Co,2/24/1961,M,USA,Nevada,Home,4,Yes,Website,4,1532340.63,383085.1575,5355.6,1338.9,3,1
C1340,Company,Forsyte,Co,12-05-1988,M,USA,Colorado,Home,5,No,Website,4,1746049.93,436512.4825,5685.860000000001,1421.4650000000001,3,1
C1341,Individual,Julie,Cox,9/23/1952,F,USA,Colorado,Home,5,Yes,Website,3,756694.8300000001,252231.61000000002,2856.79,952.2633333333333,3,0
C1342,Individual,Maria,Griffin,2/21/1964,F,USA,California,Home,1,Yes,Agency,3,922722.19,307574.0633333333,3009.94,1003.3133333333334,3,0
C1343,Individual,Megan,Turner,3/13/1995,F,Canada,Ontario,Home,5,No,Agency,3,1005148.6399999999,335049.54666666663,3484.63,1161.5433333333333,3,0
C1344,Individual,Carl,Phillips,5/24/1974,M,USA,Florida,Home,1,No,Agency,4,1319490.92,329872.73,4557.87,1139.4675,4,0
C1345,Individual,Mary,Parker,4/25/1956,F,USA,Texas,Home,5,No,Website,3,942467.41,314155.80333333334,3147.92,1049.3066666666666,2,1
C1346,Company,Triton,Co,3/18/1987,F,USA,Colorado,Investment,4,No,Agency,3,1037623.3900000001,345874.4633333334,3265.76,1088.5866666666668,1,2
C1347,Individual,Mark,James,2/13/1956,M,USA,Washington,Home,2,No,Client,3,1001705.48,333901.82666666666,3272.84,1090.9466666666667,3,0
C1348,Individual,Peter,Harris,7/16/1998,M,USA,Oregon,Home,4,Yes,Client,3,1021309.9299999999,340436.6433333333,3558.1499999999996,1186.05,3,0
C1349,Individual,Joyce,Johnson,2/14/1982,F,USA,Virginia,Investment,3,No,Website,3,773186.34,257728.78,2856.2200000000003,952.0733333333334,2,1
C1350,Individual,Julia,King,5/17/1991,F,Germany,Hamburg,Home,5,No,Website,4,743296.88,185824.22,2528.86,632.215,4,0
C1351,Individual,Judith,Long,6/24/1987,F,Australia,South Australia,Home,2,No,Client,4,1400457.41,350114.3525,4939.2300000000005,1234.8075000000001,4,0
C1352,Individual,Benjamin,Gray,3/16/1989,M,USA,California,Home,2,Yes,Agency,3,1535963.18,511987.7266666666,4906.87,1635.6233333333332,2,1
C1353,Individual,Debra,Jackson,10/15/1997,F,Canada,Alberta,Home,1,No,Agency,3,532598.24,177532.74666666667,1692.03,564.01,3,0
C1354,Individual,Patrick,Johnson,04-09-1941,M,USA,Florida,Home,5,No,Website,3,1545799.94,515266.64666666667,5055.83,1685.2766666666666,2,1
C1355,Individual,Shirley,Owens,11/22/1966,F,USA,California,Investment,2,Yes,Client,3,1245446.7799999998,415148.9266666666,4571.08,1523.6933333333334,2,1
C1356,Individual,Jonathan,Morales,3/26/1994,M,USA,Oregon,Investment,4,No,Agency,3,1490237.62,496745.87333333335,4945.79,1648.5966666666666,3,0
C1357,Individual,Danielle,Patterson,03-01-1987,F,USA,California,Home,5,Yes,Website,3,1077383.54,359127.8466666667,3313.53,1104.51,3,0
C1358,Individual,Gregory,Taylor,01-05-1943,M,USA,Texas,Home,4,No,Agency,3,965180.83,321726.9433333333,3236.3599999999997,1078.7866666666666,2,1
C1359,Individual,Gary,Owens,7/25/1975,M,USA,Virginia,Home,3,No,Agency,4,1381335.3,345333.825,4372.2,1093.05,4,0
C1360,Individual,Billy,Nelson,11/27/1990,M,USA,Virginia,Home,4,No,Agency,3,1001006.54,333668.8466666667,3333.89,1111.2966666666666,3,0
C1361,Individual,Ashley,Owens,7/21/1943,F,USA,California,Home,3,No,Client,4,1529260.3,382315.075,5186.25,1296.5625,3,1
C1362,Individual,Laura,Jordan,4/13/1965,F,USA,California,Investment,1,Yes,Agency,4,993131.84,248282.96,3579.62,894.905,4,0
C1363,Individual,James,Stone,06-04-1981,M,USA,Georgia,Home,5,Yes,Agency,4,1109919.3599999999,277479.83999999997,3768.14,942.035,3,1
C1364,Individual,Andrea,Watson,12/23/1998,F,USA,California,Investment,1,No,Website,4,1201578.93,300394.7325,4482.48,1120.62,4,0
C1365,Individual,Tiffany,Sanders,3/16/1969,F,Belgium,Brussels,Investment,5,Yes,Website,4,1443894.02,360973.505,5040.25,1260.0625,4,0
C1366,Individual,George,Thompson,7/27/1995,M,USA,California,Home,1,No,Website,3,1488525.13,496175.0433333333,5035.84,1678.6133333333335,3,0
C1367,Individual,Stephanie,Jordan,01-11-1953,F,Germany,Berlin,Home,2,No,Client,3,1035889.5,345296.5,3373.5,1124.5,2,1
C1368,Individual,Jose,Gray,11/22/1947,M,USA,California,Home,5,Yes,Client,4,1378979.49,344744.8725,4170.65,1042.6625,2,2
C1369,Individual,Peter,Garcia,10-07-1983,M,France,Brittany,Home,4,Yes,Agency,4,1615394.12,403848.53,5355.6,1338.9,4,0
C1370,Individual,Frank,Evans,06-04-1965,M,USA,Colorado,Investment,1,No,Agency,4,834659.23,208664.8075,2803.13,700.7825,4,0
C1371,Individual,Timothy,Thomas,6/19/1989,M,UK,England,Home,2,Yes,Website,4,1036681.19,259170.2975,3795.34,948.835,4,0
C1372,Individual,Lisa,Turner,11/21/1981,F,USA,Washington,Investment,2,No,Website,3,874872.8,291624.26666666666,3147.92,1049.3066666666666,3,0
C1373,Individual,Melissa,Evans,10-11-1992,F,USA,California,Home,3,Yes,Website,3,1275663.27,425221.09,3665.0299999999997,1221.6766666666665,3,0
C1374,Company,Quasar,Co,1/25/1990,M,France,Ile-de-France,Home,3,Yes,Agency,3,1230590.28,410196.76,3964.5699999999997,1321.5233333333333,2,1
C1375,Individual,Carolyn,Flores,11/22/1972,F,USA,California,Investment,4,Yes,Agency,4,1097182.3900000001,274295.59750000003,3950.02,987.505,3,1
C1376,Individual,Carolyn,Edwards,6/23/1987,F,USA,Arizona,Investment,3,Yes,Agency,3,1272387.2999999998,424129.0999999999,4479.73,1493.243333333333,2,1
C1377,Individual,Laura,Long,01-04-1984,F,USA,Utah,Investment,2,No,Website,3,828441.4099999999,276147.13666666666,2586.3199999999997,862.1066666666666,3,0
C1378,Individual,Maria,Morales,11/19/1976,F,USA,California,Investment,1,No,Website,3,1399739.87,466579.9566666667,4394.54,1464.8466666666666,3,0
C1379,Individual,Kevin,Gray,06-11-1970,M,UK,Scotland,Home,2,No,Website,3,827767.69,275922.5633333333,3231.9700000000003,1077.3233333333335,3,0
C1380,Individual,Michael,Hughes,10/15/1949,M,Canada,Alberta,Investment,4,No,Website,3,1012542.1799999999,337514.06,3157.36,1052.4533333333334,2,1
C1381,Individual,Eric,Cox,6/16/1962,M,Germany,Hesse,Home,3,Yes,Website,3,1082639.9100000001,360879.97000000003,3393.29,1131.0966666666666,3,0
C1382,Individual,Adam,James,5/19/1951,M,USA,Oregon,Home,2,No,Website,4,1176910.13,294227.5325,4097.35,1024.3375,4,0
C1383,Individual,Noah,Moore,11-11-1992,M,USA,California,Home,2,No,Agency,3,864768.8300000001,288256.2766666667,2699.97,899.9899999999999,2,1
C1384,Individual,Mary,Young,03-10-1988,F,USA,California,Home,2,Yes,Agency,3,905480.04,301826.68,3050.29,1016.7633333333333,3,0
C1385,Individual,Kenneth,Owens,06-01-1946,M,USA,California,Home,1,No,Agency,3,1182983.03,394327.6766666667,3559.31,1186.4366666666667,2,1
C1386,Individual,Harold,Howard,8/23/1947,M,USA,Washington,Home,4,Yes,Website,3,1284366.78,428122.26,4295.37,1431.79,2,1
C1387,Individual,Jose,Reed,5/27/1943,M,Germany,Hamburg,Investment,4,No,Website,3,804550.47,268183.49,2704.88,901.6266666666667,3,0
C1388,Individual,Hannah,Stone,4/20/1999,F,USA,Washington,Home,3,No,Website,3,1183031.06,394343.6866666667,3850.38,1283.46,3,0
C1389,Individual,Jordan,Montgomery,07-03-1952,M,UK,Scotland,Home,2,No,Website,4,1742522.83,435630.7075,5131.16,1282.79,3,1
C1390,Individual,Lauren,Thomas,7/21/1979,F,USA,Nevada,Home,3,No,Website,3,906492.19,302164.0633333333,2913.5699999999997,971.1899999999999,2,1
C1391,Individual,Barbara,Campbell,03-06-1974,F,USA,Utah,Home,1,No,Website,4,1579627.98,394906.995,5374.63,1343.6575,4,0
C1392,Individual,Jose,Johnson,06-05-1990,M,USA,Colorado,Home,4,Yes,Agency,4,1434978.2000000002,358744.55000000005,4502.0599999999995,1125.5149999999999,3,1
C1393,Individual,Virginia,Miller,07-09-1981,F,Mexico,Baja California,Investment,1,No,Agency,4,1187799.99,296949.9975,4109.3,1027.325,4,0
C1394,Individual,Debra,Hansen,2/26/1977,F,USA,Nevada,Home,4,No,Website,4,1325404.6,331351.15,3868.0,967.0,4,0
C1395,Individual,Megan,Campbell,9/27/1988,F,Canada,Alberta,Investment,4,No,Website,4,1497964.92,374491.23,5112.18,1278.045,3,1
C1396,Individual,Steven,Foster,06-02-1971,M,Canada,Manitoba,Investment,3,Yes,Website,3,977070.1199999999,325690.04,3227.5,1075.8333333333333,3,0
C1397,Individual,Linda,Chavez,03-10-1983,F,USA,Nevada,Home,4,No,Website,4,1551369.83,387842.4575,4700.94,1175.235,4,0
C1398,Individual,Alexander,Jones,12/13/1966,M,USA,California,Home,5,Yes,Website,3,926545.71,308848.57,3546.24,1182.08,3,0
C1399,Individual,Lauren,Evans,8/23/1978,F,Canada,British Columbia,Home,5,No,Agency,4,1259614.96,314903.74,4244.53,1061.1325,4,0
C1400,Individual,Maria,Jones,10/24/1991,F,UK,Northern Ireland,Home,4,No,Client,4,1146194.54,286548.635,3757.95,939.4875,4,0
C1401,Individual,Virginia,Brooks,3/24/1999,F,USA,Virginia,Investment,1,No,Website,4,1223523.71,305880.9275,4022.25,1005.5625,2,2
C1402,Individual,Helen,Jordan,9/28/1968,F,USA,Utah,Home,3,No,Agency,4,1394159.93,348539.9825,4530.95,1132.7375,4,0
C1403,Individual,Pamela,Scott,9/22/1983,F,USA,Oregon,Home,2,No,Website,4,1463350.69,365837.6725,4842.950000000001,1210.7375000000002,4,0
C1404,Individual,Sharon,Williams,7/22/1950,F,USA,California,Home,4,No,Agency,4,1193678.04,298419.51,4097.35,1024.3375,4,0
C1405,Individual,Ryan,Williams,06-08-1955,M,USA,Oregon,Home,5,No,Agency,3,1306722.3599999999,435574.11999999994,4314.88,1438.2933333333333,2,1
C1406,Individual,Sara,Wood,09-01-1970,F,USA,California,Home,3,No,Website,4,1364413.45,341103.3625,4606.4400000000005,1151.6100000000001,3,1
C1407,Individual,Sharon,Hansen,3/22/1956,F,USA,California,Home,1,No,Agency,4,1429717.0899999999,357429.27249999996,4493.27,1123.3175,2,2
C1408,Company,Grandis,Co,11/13/1963,F,USA,California,Home,2,No,Agency,4,1345035.74,336258.935,4413.21,1103.3025,4,0
C1409,Individual,Katherine,Price,08-01-1957,F,USA,Oregon,Investment,2,No,Website,3,1072801.12,357600.37333333335,3353.8199999999997,1117.9399999999998,2,1
C1410,Individual,Jennifer,Edwards,12/16/1965,F,USA,Nevada,Home,2,No,Agency,4,1439196.49,359799.1225,4656.0599999999995,1164.0149999999999,4,0
C1411,Individual,Anthony,Watson,04-04-1987,M,USA,California,Home,2,No,Client,4,1318823.1600000001,329705.79000000004,4397.97,1099.4925,3,1
C1412,Company,Optima,Co,6/28/1985,F,USA,Nevada,Home,2,No,Agency,4,1498125.2,374531.3,4634.91,1158.7275,3,1
C1413,Individual,Margaret,Rogers,9/18/1968,F,USA,California,Home,4,No,Agency,4,1489065.1600000001,372266.29000000004,5703.07,1425.7675,4,0
C1414,Individual,Michelle,Wright,05-01-1975,F,USA,Florida,Home,4,No,Website,4,1188718.7,297179.675,3889.34,972.335,2,2
C1415,Individual,Tyler,Murray,7/14/1959,M,USA,California,Investment,1,No,Website,3,748797.26,249599.08666666667,2638.0299999999997,879.3433333333332,2,1
C1416,Individual,Bryan,Peterson,07-01-1954,M,USA,Oregon,Home,2,No,Agency,3,1418066.3900000001,472688.7966666667,4356.79,1452.2633333333333,3,0
C1417,Individual,Dennis,Williams,10/26/1953,M,UK,Scotland,Home,5,No,Website,3,1023021.48,341007.16,3199.77,1066.59,3,0
C1418,Individual,Kyle,Cox,04-06-1954,M,USA,Ohio,Investment,2,No,Website,3,1443234.8900000001,481078.2966666667,4588.39,1529.4633333333334,3,0
C1419,Individual,Jason,Peterson,08-08-1971,M,Germany,Hamburg,Investment,4,Yes,Website,4,1143605.72,285901.43,3714.98,928.745,2,2
C1420,Company,Terova,Co,10/20/1981,M,UK,Wales,Home,5,No,Website,4,1196856.69,299214.1725,3718.79,929.6975,1,3
C1421,Individual,James,Jones,11/14/1957,M,USA,Colorado,Home,1,No,Website,3,938557.1900000001,312852.39666666667,3294.2,1098.0666666666666,3,0
C1422,Individual,Billy,Hansen,1/15/1955,M,USA,Florida,Investment,1,Yes,Website,4,2032565.11,508141.2775,6221.1900000000005,1555.2975000000001,4,0
C1423,Individual,Jack,Brooks,9/21/1955,M,UK,Northern Ireland,Home,4,Yes,Website,4,1822778.3599999999,455694.58999999997,6016.389999999999,1504.0974999999999,3,1
C1424,Individual,Judy,Harris,03-12-1954,F,USA,Utah,Home,2,Yes,Agency,3,1382756.57,460918.8566666667,4395.44,1465.1466666666665,3,0
C1425,Individual,Raymond,Taylor,12/16/1971,M,Belgium,Flanders,Home,3,No,Website,3,1449563.3199999998,483187.77333333326,4564.92,1521.64,2,1
C1426,Individual,Christina,Campbell,5/20/1964,F,USA,Washington,Home,2,No,Website,4,1709098.18,427274.545,6042.6,1510.65,4,0
C1427,Individual,Julia,Richardson,05-10-1955,F,Australia,Victoria,Home,5,No,Website,4,1378636.21,344659.0525,4739.79,1184.9475,3,1
C1428,Individual,Nicole,Allen,12-05-1953,F,USA,Oregon,Home,4,Yes,Agency,4,1136052.54,284013.135,3786.61,946.6525,3,1
C1429,Individual,Jesse,Stewart,10-01-1991,M,USA,Nevada,Investment,5,No,Agency,4,1697550.01,424387.5025,5685.860000000001,1421.4650000000001,2,2
C1430,Individual,Patrick,Allen,09-11-1963,M,USA,Nevada,Home,4,No,Website,3,928463.2,309487.73333333334,3068.0099999999998,1022.67,3,0
C1431,Individual,Melissa,Griffin,07-01-1943,F,Germany,Hesse,Home,3,Yes,Website,4,1620159.73,405039.9325,5463.780000000001,1365.9450000000002,3,1
C1432,Individual,Larry,Weaver,12/26/1951,M,USA,Utah,Home,3,No,Agency,3,863383.74,287794.58,3100.86,1033.6200000000001,2,1
C1433,Individual,Christian,Mitchell,04-12-1953,M,Germany,Hamburg,Home,4,No,Website,3,1358111.0699999998,452703.68999999994,4479.73,1493.243333333333,3,0
C1434,Company,Terova,Co,6/25/1985,F,USA,California,Investment,5,No,Agency,4,1038640.05,259660.0125,3579.62,894.905,4,0
C1435,Individual,Zachary,Morales,04-08-1967,M,USA,Texas,Investment,2,No,Agency,3,903765.87,301255.29,2836.95,945.65,2,1
C1436,Individual,Kyle,Wright,10-09-1998,M,USA,California,Home,2,No,Website,3,969917.19,323305.73,2976.66,992.2199999999999,2,1
C1437,Individual,Gerald,Stewart,04-08-1997,M,USA,Arizona,Investment,5,No,Agency,4,1668948.58,417237.145,5329.13,1332.2825,3,1
C1438,Individual,Benjamin,Taylor,08-04-1988,M,USA,California,Home,2,Yes,Agency,3,1255115.0,418371.6666666667,3964.51,1321.5033333333333,2,1
C1439,Individual,Helen,Morales,10/14/2000,F,USA,Virginia,Home,2,No,Agency,3,1040682.81,346894.27,3415.27,1138.4233333333334,3,0
C1440,Individual,Mary,Phillips,7/20/1952,F,USA,Colorado,Investment,2,No,Agency,3,901013.4199999999,300337.80666666664,3031.59,1010.5300000000001,2,1
C1441,Individual,Helen,Campbell,09-08-1945,F,USA,California,Investment,5,No,Website,3,1201777.78,400592.5933333333,4004.52,1334.84,3,0
C1442,Individual,Timothy,Foster,6/17/2000,M,USA,Colorado,Home,2,Yes,Client,3,1007348.75,335782.9166666667,3331.87,1110.6233333333332,3,0
C1443,Individual,Betty,Hughes,11/22/1979,F,USA,Florida,Home,2,No,Website,3,1045348.1100000001,348449.37000000005,3217.45,1072.4833333333333,3,0
C1444,Individual,Frank,Alexander,6/25/1981,M,USA,Colorado,Home,3,No,Website,3,1089631.7,363210.56666666665,3558.1499999999996,1186.05,3,0
C1445,Individual,Gregory,Hall,7/26/1988,M,USA,Florida,Home,5,No,Website,4,1249138.91,312284.7275,3907.87,976.9675,4,0
C1446,Individual,Amber,Gray,12-09-1951,F,USA,Ohio,Home,4,No,Website,4,1550820.49,387705.1225,5542.59,1385.6475,4,0
C1447,Individual,Janet,Rogers,5/14/1972,F,USA,Nevada,Investment,4,Yes,Client,4,1372408.9,343102.225,4605.48,1151.37,4,0
C1448,Individual,Henry,Ward,3/15/1959,M,Russia,Tatarstan,Home,1,No,Website,4,1221304.62,305326.155,3939.81,984.9525,3,1
C1449,Individual,Nicole,Cox,6/14/1999,F,USA,California,Investment,5,No,Website,3,1110557.49,370185.83,3665.0299999999997,1221.6766666666665,3,0
C1450,Individual,Pamela,White,04-06-1996,F,USA,Virginia,Home,5,No,Website,3,1028509.6,342836.5333333333,3112.75,1037.5833333333333,3,0
C1451,Individual,Hannah,Turner,10/19/1983,F,USA,California,Home,1,No,Website,4,1529673.3199999998,382418.32999999996,5039.5,1259.875,4,0
C1452,Individual,Kelly,Edwards,08-05-1993,F,Belgium,Wallonia,Home,3,No,Client,3,1320005.77,440001.92333333334,4462.98,1487.6599999999999,3,0
C1453,Individual,Kenneth,Stone,10-07-1981,M,USA,California,Home,2,No,Agency,3,1145044.9,381681.6333333333,3731.47,1243.8233333333333,3,0
C1454,Individual,Ann,Kim,5/23/1948,F,USA,California,Investment,1,No,Client,3,1188825.44,396275.14666666667,3964.51,1321.5033333333333,3,0
C1455,Individual,Christina,Nelson,6/15/1989,F,USA,Colorado,Home,3,Yes,Agency,3,985992.4299999999,328664.1433333333,2950.28,983.4266666666667,2,1
C1456,Company,Quasar,Co,6/26/1992,F,USA,Oregon,Investment,1,Yes,Website,4,1598853.55,399713.3875,5253.52,1313.38,4,0
C1457,Individual,Julie,Foster,1/27/1949,F,USA,California,Home,3,Yes,Agency,4,1537205.06,384301.265,4908.68,1227.17,2,2
C1458,Individual,Keith,Reed,9/16/1950,M,USA,Arizona,Home,1,No,Website,3,917921.54,305973.8466666667,2937.26,979.0866666666667,2,1
C1459,Individual,Terry,Hall,9/28/1949,M,USA,Arizona,Home,5,No,Website,4,1556253.48,389063.37,5542.59,1385.6475,4,0
C1460,Individual,Pamela,Long,12-05-1972,F,UK,England,Home,1,Yes,Agency,4,1569390.69,392347.6725,5178.58,1294.645,4,0
C1461,Individual,Gloria,Reyes,1/13/1944,F,USA,California,Home,5,No,Website,4,1507966.87,376991.7175,5178.58,1294.645,4,0
C1462,Individual,Virginia,Allen,4/19/1984,F,Germany,Hamburg,Investment,3,No,Agency,4,1220331.12,305082.78,3826.69,956.6725,2,2
C1463,Individual,Lawrence,Ward,12/28/1943,M,USA,California,Home,2,Yes,Website,4,1639044.0,409761.0,5546.35,1386.5875,4,0
C1464,Individual,Terry,Weaver,1/25/1940,M,USA,Arizona,Home,1,No,Website,3,1094818.68,364939.56,3258.7200000000003,1086.24,3,0
C1465,Individual,Edward,Stewart,07-09-1990,M,USA,Ohio,Home,3,Yes,Website,3,1312191.47,437397.1566666667,4373.5,1457.8333333333333,3,0
C1466,Individual,Ashley,Howard,8/28/1999,F,Belgium,Flanders,Investment,2,No,Website,4,1387827.15,346956.7875,4213.08,1053.27,4,0
C1467,Individual,Rebecca,Adams,7/19/1951,F,USA,California,Home,5,No,Client,3,761353.26,253784.42,2548.91,849.6366666666667,3,0
C1468,Individual,Jason,Martin,8/24/1940,M,Canada,Manitoba,Home,3,No,Website,3,1072452.07,357484.0233333334,3556.06,1185.3533333333332,1,2
C1469,Individual,Keith,Richardson,5/17/1970,M,USA,Colorado,Home,1,No,Website,3,1512121.6400000001,504040.5466666667,4616.33,1538.7766666666666,3,0
C1470,Individual,Alexander,Richardson,5/27/1940,M,USA,Colorado,Investment,3,Yes,Agency,3,1440682.21,480227.4033333333,4772.59,1590.8633333333335,3,0
C1471,Individual,Judith,Williams,5/24/1940,F,UK,Northern Ireland,Home,1,Yes,Website,4,1048588.76,262147.19,3204.2599999999998,801.0649999999999,3,1
C1472,Individual,Paul,Flores,3/23/1991,M,USA,Washington,Home,1,No,Website,4,1610320.87,402580.2175,4948.41,1237.1025,4,0
C1473,Individual,Maria,Freeman,3/14/1974,F,USA,California,Home,2,No,Agency,4,1415300.74,353825.185,4036.92,1009.23,4,0
C1474,Individual,Kevin,Brown,04-10-1969,M,USA,Oregon,Home,3,No,Website,4,1563434.47,390858.6175,5229.2,1307.3,4,0
C1475,Individual,Raymond,Brown,08-02-1944,M,Mexico,Jalisco,Home,4,Yes,Agency,4,1579186.25,394796.5625,5148.22,1287.055,4,0
C1476,Individual,Kevin,Jackson,06-08-2000,M,USA,Nevada,Home,1,No,Agency,4,1505369.42,376342.355,4564.9,1141.225,3,1
C1477,Company,Zynex,Co,04-10-1968,F,USA,California,Investment,1,No,Agency,4,1051466.92,262866.73,3682.83,920.7075,3,1
C1478,Individual,Emily,Reed,09-12-1958,F,Canada,British Columbia,Investment,1,No,Agency,3,965772.74,321924.24666666664,3248.69,1082.8966666666668,3,0
C1479,Individual,Paul,Carter,3/26/1968,M,USA,California,Investment,1,No,Website,4,1275455.51,318863.8775,4074.09,1018.5225,4,0
C1480,Individual,Danielle,White,04-09-1985,F,USA,Virginia,Investment,3,No,Client,4,1466467.79,366616.9475,4881.68,1220.42,3,1
C1481,Company,Caldera,Co,12-04-1984,F,USA,Arizona,Investment,3,No,Website,4,1059700.8800000001,264925.22000000003,3604.98,901.245,1,3
C1482,Individual,Kimberly,Murray,1/24/1953,F,USA,Oregon,Home,2,Yes,Website,4,1665015.1700000002,416253.79250000004,5251.29,1312.8225,3,1
C1483,Individual,Gary,Hall,06-01-1975,M,USA,Colorado,Home,3,Yes,Agency,4,1831769.62,457942.405,5945.3099999999995,1486.3274999999999,4,0
C1484,Individual,Christina,Nelson,10-09-1971,F,USA,Colorado,Home,3,No,Client,4,1117191.81,279297.9525,3980.11,995.0275,4,0
C1485,Individual,Rachel,Scott,6/26/1984,F,USA,Washington,Investment,4,No,Website,4,1604885.52,401221.38,5400.87,1350.2175,3,1
C1486,Individual,Madison,Campbell,6/14/1996,F,UK,Wales,Home,5,Yes,Website,3,1019385.69,339795.23,3469.69,1156.5633333333333,2,1
C1487,Individual,Sandra,Martin,12-10-1965,F,USA,New York,Home,3,No,Agency,4,1553533.51,388383.3775,5178.58,1294.645,4,0
C1488,Individual,Keith,Scott,09-07-1975,M,USA,Florida,Investment,2,No,Website,3,1029238.79,343079.5966666667,3420.5600000000004,1140.1866666666667,3,0
C1489,Individual,Gloria,Montgomery,3/19/1951,F,USA,Arizona,Home,5,No,Agency,3,1056549.47,352183.1566666667,3721.8199999999997,1240.6066666666666,2,1
C1490,Individual,Dennis,Hall,11-06-1994,M,UK,Wales,Investment,5,Yes,Client,3,861119.76,287039.92,2817.99,939.3299999999999,3,0
C1491,Individual,Rebecca,Evans,07-10-1997,F,USA,Georgia,Home,4,No,Agency,4,1056750.03,264187.5075,3604.98,901.245,4,0
C1492,Individual,Mary,Taylor,12/18/1984,F,Germany,Bavaria,Home,2,No,Agency,3,1309655.49,436551.83,4737.9400000000005,1579.3133333333335,3,0
C1493,Individual,Thomas,Bennett,3/16/1992,M,USA,Washington,Home,4,Yes,Agency,3,864605.61,288201.87,3111.33,1037.11,3,0
C1494,Individual,Nicholas,Cooper,04-09-1996,M,USA,New York,Home,1,No,Client,3,913338.07,304446.0233333333,2804.62,934.8733333333333,3,0
C1495,Individual,Jason,Hughes,11-09-1991,M,Denmark,Capital Region,Home,1,No,Website,4,2059292.68,514823.17,6365.889999999999,1591.4724999999999,3,1
C1496,Individual,Bryan,Patterson,11/15/1986,M,USA,Florida,Home,5,No,Agency,3,1119013.6099999999,373004.5366666666,3454.6400000000003,1151.5466666666669,2,1
C1497,Individual,Samuel,Parker,1/13/1940,M,USA,California,Investment,4,No,Agency,3,794765.34,264921.77999999997,2641.98,880.66,2,1
C1498,Individual,Nicole,Carter,02-03-1967,F,Mexico,Puebla,Investment,5,No,Website,4,1142631.83,285657.9575,3559.4900000000002,889.8725000000001,4,0
C1499,Individual,Lauren,Gray,11-04-1997,F,Russia,Saint Petersburg,Home,3,Yes,Agency,3,1321905.54,440635.18,4571.08,1523.6933333333334,3,0
C1500,Individual,Shirley,Ward,01-04-1995,F,Australia,Victoria,Home,2,No,Agency,4,1020299.92,255074.98,3365.54,841.385,4,0
C1501,Individual,Brenda,White,12/16/1951,F,USA,Oregon,Investment,4,No,Agency,3,761279.08,253759.69333333333,2554.28,851.4266666666667,1,2
C1502,Individual,Elizabeth,Weaver,10/27/1994,F,UK,Wales,Home,5,Yes,Website,4,1045772.34,261443.085,3644.17,911.0425,4,0
C1503,Company,Triton,Co,8/21/1986,M,USA,Arizona,Investment,5,No,Website,4,1299971.48,324992.87,4202.29,1050.5725,2,2
C1504,Individual,Patrick,Hughes,8/19/1946,M,USA,California,Home,4,No,Website,3,871805.96,290601.98666666663,2937.26,979.0866666666667,3,0
C1505,Individual,William,Cook,5/14/1994,M,USA,Virginia,Home,3,No,Agency,4,1012922.06,253230.515,3199.69,799.9225,2,2
C1506,Individual,Larry,Price,01-11-1950,M,USA,Utah,Investment,3,No,Website,3,1010109.4,336703.13333333336,3466.39,1155.4633333333334,2,1
C1507,Individual,Joyce,Cooper,3/28/1951,F,USA,Florida,Home,3,No,Agency,4,1499666.44,374916.61,4883.66,1220.915,4,0
C1508,Individual,Benjamin,Morris,12-03-1994,M,UK,Scotland,Home,3,No,Agency,4,965283.79,241320.9475,3134.56,783.64,3,1
C1509,Individual,Rebecca,Campbell,12/16/1946,F,USA,California,Home,3,No,Website,4,1821912.8699999999,455478.21749999997,5930.35,1482.5875,4,0
C1510,Company,Altira,Co,12-01-1962,M,USA,California,Home,5,No,Agency,3,804243.22,268081.0733333333,2528.04,842.68,3,0
C1511,Individual,Ann,Hansen,7/20/1989,F,France,Provence,Home,2,Yes,Website,3,1093080.8599999999,364360.2866666666,3457.94,1152.6466666666668,2,1
C1512,Individual,Anna,Young,6/18/1955,F,USA,Nevada,Home,4,Yes,Client,4,1209056.95,302264.2375,4185.68,1046.42,3,1
C1513,Individual,Danielle,Morales,06-08-1995,F,USA,Florida,Home,2,No,Website,3,1452266.37,484088.79000000004,4616.33,1538.7766666666666,3,0
C1514,Individual,Linda,Bryant,12-08-1986,F,USA,New York,Home,4,No,Website,3,1211908.53,403969.51,4158.96,1386.32,2,1
C1515,Individual,Angela,Williams,10/16/1946,F,USA,Nevada,Investment,5,No,Website,4,1433703.52,358425.88,4908.68,1227.17,3,1
C1516,Individual,Grace,Wood,5/23/1953,F,USA,Texas,Home,4,No,Website,3,690456.91,230152.30333333334,2404.38,801.46,2,1
C1517,Individual,Benjamin,Chavez,2/23/1978,M,USA,California,Investment,2,No,Agency,4,1328693.42,332173.355,4306.36,1076.59,3,1
C1518,Individual,Teresa,Rogers,10-08-1994,F,Australia,Victoria,Home,5,Yes,Agency,4,961942.8799999999,240485.71999999997,3545.71,886.4275,4,0
C1519,Individual,Kyle,Freeman,8/19/1972,M,USA,California,Home,1,No,Agency,4,1366990.1300000001,341747.53250000003,4291.9400000000005,1072.9850000000001,4,0
C1520,Individual,Patrick,Griffin,12-05-1945,M,USA,Utah,Home,1,No,Website,4,1425469.02,356367.255,4751.57,1187.8925,4,0
C1521,Individual,Bryan,Foster,12/25/1973,M,USA,Nevada,Home,4,No,Agency,3,913579.4099999999,304526.47,3096.84,1032.28,3,0
C1522,Individual,Debra,Mitchell,9/14/1964,F,USA,Washington,Home,5,No,Website,4,1598304.98,399576.245,5515.94,1378.985,3,1
C1523,Company,Horizon,Co,7/22/1981,M,Australia,Victoria,Investment,3,No,Website,4,1652083.92,413020.98,5339.51,1334.8775,4,0
C1524,Individual,Jordan,Wilson,7/24/1967,M,USA,Virginia,Home,2,No,Client,4,1434208.3,358552.075,4656.0599999999995,1164.0149999999999,2,2
C1525,Individual,Timothy,Brown,8/24/1959,M,USA,California,Home,1,No,Agency,3,1336757.18,445585.7266666666,4534.89,1511.63,3,0
C1526,Individual,Victoria,Howard,08-05-1956,F,USA,California,Home,3,No,Website,3,1429330.15,476443.3833333333,4802.74,1600.9133333333332,3,0
C1527,Individual,Martha,Thomas,5/13/1989,F,USA,California,Home,1,No,Agency,3,993447.0599999999,331149.01999999996,3601.05,1200.3500000000001,3,0
C1528,Individual,Jennifer,Weaver,09-02-1997,F,Germany,Hamburg,Home,1,Yes,Website,3,1058452.68,352817.56,3375.51,1125.17,2,1
C1529,Company,Helios,Co,4/19/1989,M,USA,California,Home,4,No,Website,4,1614522.9000000001,403630.72500000003,5403.92,1350.98,4,0
C1530,Individual,Sarah,Wright,11/20/1988,F,USA,California,Home,2,No,Website,3,1011087.75,337029.25,3323.43,1107.81,3,0
C1531,Individual,Bryan,Cox,3/15/1964,M,France,Brittany,Investment,2,No,Website,4,1272471.05,318117.7625,4261.66,1065.415,2,2
C1532,Individual,Linda,Freeman,9/26/1998,F,USA,Texas,Home,3,Yes,Website,4,1446462.79,361615.6975,4656.0599999999995,1164.0149999999999,4,0
C1533,Individual,Anthony,Bryant,10-05-1988,M,Canada,British Columbia,Home,4,No,Agency,4,1019127.09,254781.7725,2909.06,727.265,2,2
C1534,Individual,Sandra,Pierce,06-08-1996,F,USA,California,Home,4,Yes,Website,3,1195359.88,398453.2933333333,3910.42,1303.4733333333334,3,0
C1535,Individual,Jeremy,Stone,09-03-1994,M,UK,England,Investment,3,No,Agency,4,1967005.46,491751.365,6365.889999999999,1591.4724999999999,4,0
C1536,Individual,Sara,Baker,06-05-1982,F,USA,Washington,Home,3,No,Website,3,1076884.84,358961.61333333334,3151.93,1050.6433333333332,2,1
C1537,Individual,Lisa,Foster,08-04-1999,F,USA,Arizona,Home,5,No,Website,3,1637300.4100000001,545766.8033333333,4737.9400000000005,1579.3133333333335,2,1
C1538,Individual,Jessica,Kim,01-07-1947,F,USA,California,Investment,5,No,Website,3,775544.78,258514.92666666667,2824.14,941.38,2,1
C1539,Individual,Terry,Brown,5/13/1997,M,USA,Nevada,Home,1,No,Agency,3,811448.36,270482.7866666667,2986.5299999999997,995.5099999999999,3,0
C1540,Individual,Roger,Cox,12-02-1957,M,USA,California,Home,2,Yes,Client,3,842510.7,280836.89999999997,2724.7,908.2333333333332,3,0
C1541,Individual,Carl,Adams,11/20/1964,M,USA,California,Home,2,No,Website,4,1173616.46,293404.115,3980.11,995.0275,3,1
C1542,Individual,Gary,Cook,7/27/1989,M,USA,Nevada,Home,1,Yes,Website,3,1261648.92,420549.63999999996,4070.24,1356.7466666666667,3,0
C1543,Individual,Virginia,Peterson,11-10-1955,F,USA,New York,Investment,3,No,Agency,3,1199490.31,399830.10333333333,3802.2200000000003,1267.4066666666668,2,1
C1544,Individual,Heather,Evans,4/27/1947,F,Russia,Tatarstan,Home,3,No,Website,3,1551623.3,517207.76666666666,5037.32,1679.1066666666666,3,0
C1545,Individual,Elizabeth,Price,11/23/1992,F,USA,California,Investment,1,Yes,Website,3,1101811.15,367270.3833333333,3763.51,1254.5033333333333,3,0
C1546,Individual,Sarah,Scott,06-06-1966,F,Mexico,Puebla,Home,4,Yes,Agency,4,1161022.51,290255.6275,3499.9700000000003,874.9925000000001,3,1
C1547,Individual,Margaret,Martin,04-03-1975,F,USA,Florida,Home,2,Yes,Agency,4,1199337.46,299834.365,3989.66,997.415,3,1
C1548,Company,Telnox,Co,12/26/1967,M,USA,California,Home,2,Yes,Website,3,615223.03,205074.34333333335,2036.9099999999999,678.9699999999999,3,0
C1549,Individual,Gary,Reyes,6/15/1961,M,Mexico,Nuevo Leon,Home,4,No,Client,3,837044.35,279014.7833333333,2950.28,983.4266666666667,3,0
C1550,Individual,Jason,Rogers,10-01-1998,M,USA,California,Home,2,No,Agency,4,1368767.79,342191.9475,4656.0599999999995,1164.0149999999999,4,0
C1551,Individual,Aaron,Howard,5/17/1991,M,USA,California,Home,2,No,Agency,3,1252240.69,417413.5633333333,4314.88,1438.2933333333333,2,1
C1552,Individual,Peter,Wilson,4/20/1947,M,USA,California,Investment,2,Yes,Agency,4,1356450.7000000002,339112.67500000005,4296.21,1074.0525,3,1
C1553,Company,Horizon,Co,3/27/1990,M,USA,Utah,Home,4,No,Agency,3,979536.36,326512.12,3116.15,1038.7166666666667,3,0
C1554,Individual,Gregory,Cox,03-04-1998,M,Germany,Bavaria,Home,1,No,Website,3,742034.24,247344.74666666667,2036.9099999999999,678.9699999999999,3,0
C1555,Individual,Julia,Martin,4/25/1946,F,UK,England,Home,5,No,Website,4,1233852.38,308463.095,4050.23,1012.5575,4,0
C1556,Individual,Grace,Wood,11/20/1982,F,USA,Colorado,Investment,2,No,Agency,4,1215734.71,303933.6775,4081.55,1020.3875,4,0
C1557,Individual,Joan,Griffin,3/15/1942,F,USA,New York,Home,2,Yes,Website,3,955054.1799999999,318351.3933333333,3217.45,1072.4833333333333,3,0
C1558,Individual,Tyler,Phillips,03-12-1944,M,Mexico,Baja California,Home,4,No,Website,3,1482069.56,494023.1866666667,5041.58,1680.5266666666666,1,2
C1559,Individual,Sara,Mitchell,3/27/1975,F,UK,England,Home,2,No,Website,3,1345808.87,448602.9566666667,4335.88,1445.2933333333333,3,0
C1560,Individual,Christina,Hughes,7/15/1940,F,USA,California,Home,4,Yes,Client,3,1052677.5699999998,350892.52333333326,3444.13,1148.0433333333333,2,1
C1561,Individual,Jeffrey,Green,4/28/1964,M,Mexico,Nuevo Leon,Investment,5,No,Agency,3,1135294.51,378431.50333333336,3581.32,1193.7733333333333,3,0
C1562,Individual,Maria,Morris,07-05-1987,F,USA,California,Home,4,No,Client,3,1179775.32,393258.44,3804.1400000000003,1268.0466666666669,3,0
C1563,Individual,Susan,Baker,6/18/1987,F,USA,Utah,Home,5,No,Website,3,979729.05,326576.35000000003,3272.3199999999997,1090.7733333333333,2,1
C1564,Individual,Jason,Wood,11-06-1964,M,USA,Washington,Investment,5,No,Website,3,1595925.43,531975.1433333333,4906.87,1635.6233333333332,3,0
C1565,Individual,Kenneth,Bennett,08-08-1980,M,Mexico,Jalisco,Home,4,No,Agency,4,1140899.22,285224.805,3976.29,994.0725,3,1
C1566,Individual,Anthony,Wilson,01-01-1995,M,USA,California,Home,3,No,Website,4,1450240.65,362560.1625,4700.94,1175.235,4,0
C1567,Individual,Frank,Wilson,10-11-1977,M,USA,Georgia,Home,4,No,Client,4,1594452.6199999999,398613.15499999997,5107.95,1276.9875,3,1
C1568,Individual,Betty,Owens,03-06-1990,F,USA,California,Home,5,No,Website,3,1373808.0899999999,457936.02999999997,4071.58,1357.1933333333334,2,1
C1569,Individual,Pamela,Turner,11-05-1993,F,USA,California,Investment,1,Yes,Website,3,1175242.5499999998,391747.5166666666,3774.87,1258.29,3,0
C1570,Individual,Amanda,Williams,12/27/1963,F,USA,Ohio,Home,5,No,Website,4,1469638.4,367409.6,5334.25,1333.5625,4,0
C1571,Individual,Ethan,Morales,06-03-1978,M,USA,California,Home,2,No,Website,4,1243439.96,310859.99,4368.34,1092.085,4,0
C1572,Individual,Donald,Baker,06-10-1960,M,Australia,Queensland,Home,3,No,Agency,4,886149.52,221537.38,2993.32,748.33,4,0
C1573,Individual,Amanda,Richardson,05-07-1946,F,USA,California,Home,1,No,Website,4,1175839.94,293959.985,4239.75,1059.9375,2,2
C1574,Individual,Gary,Morris,8/14/1984,M,USA,California,Home,4,No,Website,3,1195224.9,398408.3,3766.9,1255.6333333333334,3,0
C1575,Individual,Paul,Freeman,12/19/2000,M,USA,California,Home,2,No,Website,4,1395067.1600000001,348766.79000000004,4634.91,1158.7275,4,0
C1576,Individual,Heather,Cook,9/28/1977,F,USA,Nevada,Investment,3,Yes,Website,4,1359536.24,339884.06,4392.67,1098.1675,3,1
C1577,Individual,Ethan,Edwards,2/15/1983,M,Germany,Bavaria,Home,3,No,Website,3,1427933.58,475977.86000000004,4415.7,1471.8999999999999,2,1
C1578,Individual,Mark,Turner,03-12-1996,M,USA,California,Investment,2,No,Website,3,765431.01,255143.67,2804.62,934.8733333333333,3,0
C1579,Individual,Robert,Bell,10-03-1945,M,USA,Arizona,Investment,4,No,Website,4,1101753.5899999999,275438.39749999996,3808.21,952.0525,3,1
C1580,Individual,Jordan,Martin,12-05-1997,M,USA,Georgia,Investment,1,Yes,Website,4,1008834.66,252208.665,3488.8,872.2,3,1
C1581,Individual,James,Reyes,11-08-1950,M,USA,California,Investment,1,No,Website,3,1123364.22,374454.74,3071.7799999999997,1023.9266666666666,1,2
C1582,Individual,Harold,Baker,8/20/1955,M,France,Ile-de-France,Home,4,Yes,Client,3,1030269.01,343423.00333333336,3150.24,1050.08,2,1
C1583,Individual,Peter,Scott,01-03-1968,M,USA,California,Home,2,No,Agency,4,1378030.61,344507.6525,4680.54,1170.135,3,1
C1584,Company,Nexus,Co,08-12-1985,M,France,Brittany,Investment,1,Yes,Website,3,1199226.44,399742.14666666667,4085.23,1361.7433333333333,3,0
C1585,Individual,Kevin,Watson,10-10-1960,M,Canada,Ontario,Home,5,No,Website,4,1480011.91,370002.9775,5107.29,1276.8225,4,0
C1586,Individual,Carolyn,Roberts,1/21/1967,F,Germany,Berlin,Home,3,No,Website,3,1116579.83,372193.2766666667,3674.04,1224.68,3,0
C1587,Individual,Carl,Cooper,12-02-1943,M,Canada,Quebec,Investment,4,Yes,Agency,3,743057.13,247685.71,2550.7400000000002,850.2466666666668,3,0
C1588,Individual,Patricia,Thomas,10/25/1980,F,USA,Utah,Investment,5,No,Website,3,957201.31,319067.10333333333,3313.53,1104.51,3,0
C1589,Individual,Christina,Ward,08-12-1953,F,USA,California,Investment,4,No,Agency,3,1380536.7000000002,460178.9000000001,4190.61,1396.87,2,1
C1590,Company,Elara,Co,6/19/1979,F,USA,Oregon,Home,1,No,Website,4,1470403.6,367600.9,4915.33,1228.8325,3,1
C1591,Individual,Christine,Brooks,8/15/1971,F,USA,California,Investment,4,No,Website,4,1676312.98,419078.245,5366.86,1341.715,4,0
C1592,Individual,Heather,Allen,06-01-1975,F,USA,Texas,Investment,2,Yes,Agency,4,878452.1900000001,219613.04750000002,2940.44,735.11,3,1
C1593,Individual,Anthony,Williams,08-05-1975,M,USA,California,Home,1,No,Website,4,825960.49,206490.1225,2664.54,666.135,4,0
C1594,Individual,Kathleen,Green,10/24/1969,F,USA,Colorado,Home,2,No,Agency,4,1522994.53,380748.6325,5039.5,1259.875,3,1
C1595,Individual,Charles,Reed,8/20/1955,M,USA,California,Home,5,No,Website,4,1310147.8599999999,327536.96499999997,4746.09,1186.5225,4,0
C1596,Individual,Frank,Hall,11-10-1979,M,Germany,Berlin,Investment,4,No,Website,3,1642954.44,547651.48,4947.78,1649.26,3,0
C1597,Individual,Rachel,Cox,12/28/1949,F,USA,Nevada,Investment,4,Yes,Website,4,1155778.2,288944.55,3790.99,947.7475,4,0
C1598,Individual,Angela,Adams,6/23/1940,F,USA,Georgia,Home,4,Yes,Agency,3,1163931.67,387977.2233333333,3931.1899999999996,1310.3966666666665,3,0
C1599,Individual,Stephanie,Thompson,11/19/1980,F,USA,Virginia,Investment,5,Yes,Website,3,1321031.17,440343.7233333333,4011.52,1337.1733333333334,3,0
C1600,Individual,Jennifer,Rogers,2/13/1968,F,Belgium,Wallonia,Home,5,No,Website,4,1237164.36,309291.09,3938.59,984.6475,4,0
C1601,Individual,Tiffany,Parker,8/13/1996,F,Russia,Krasnodar Krai,Home,3,No,Website,3,829078.01,276359.33666666667,2741.01,913.6700000000001,3,0
C1602,Individual,Harold,Turner,11-01-1986,M,USA,Nevada,Investment,4,No,Website,4,1676863.99,419215.9975,5701.12,1425.28,4,0
C1603,Individual,Hannah,Rogers,09-07-1962,F,UK,England,Home,5,No,Website,4,1077719.71,269429.9275,3904.8199999999997,976.2049999999999,2,2
C1604,Individual,Ronald,Kim,09-10-1949,M,USA,Texas,Home,4,No,Website,3,1050264.24,350088.08,3731.47,1243.8233333333333,2,1
C1605,Individual,Joshua,Collins,1/21/1999,M,UK,England,Investment,4,Yes,Website,4,1170783.34,292695.835,3499.9700000000003,874.9925000000001,2,2
C1606,Individual,Zachary,Howard,3/20/1965,M,USA,Washington,Home,1,Yes,Agency,3,917562.71,305854.23666666663,3100.45,1033.4833333333333,2,1
C1607,Individual,Emma,Hall,03-11-1963,F,USA,California,Home,3,No,Agency,3,829294.5700000001,276431.5233333334,2782.8199999999997,927.6066666666666,3,0
C1608,Individual,Heather,Pierce,11/14/1999,F,UK,England,Home,4,Yes,Website,3,1431381.65,477127.2166666666,4343.46,1447.82,2,1
C1609,Individual,Justin,Reed,10-02-1964,M,USA,California,Investment,2,No,Website,3,804844.43,268281.4766666667,2701.38,900.46,3,0
C1610,Individual,Kenneth,White,3/23/1967,M,USA,California,Investment,3,No,Website,4,1249167.74,312291.935,4456.85,1114.2125,3,1
C1611,Individual,Sarah,Bryant,09-02-1975,F,USA,Nevada,Investment,4,No,Website,4,1072189.52,268047.38,3371.0,842.75,4,0
C1612,Individual,Jason,Price,2/25/1990,M,USA,California,Home,1,No,Agency,3,766554.56,255518.18666666668,2517.4300000000003,839.1433333333334,3,0
C1613,Individual,Ryan,Griffin,01-08-1998,M,Denmark,Southern Denmark,Home,2,Yes,Agency,4,1608368.22,402092.055,5602.79,1400.6975,3,1
C1614,Individual,Julie,Williams,5/16/1968,F,USA,Utah,Investment,4,No,Website,3,822155.05,274051.68333333335,3178.04,1059.3466666666666,3,0
C1615,Individual,Jason,Mitchell,08-01-1963,M,USA,Utah,Home,5,No,Agency,3,857125.52,285708.50666666665,2711.61,903.87,3,0
C1616,Individual,Aaron,Nelson,09-01-1991,M,UK,Wales,Investment,5,Yes,Website,4,1344053.71,336013.4275,4512.51,1128.1275,4,0
C1617,Individual,Michelle,Baker,10-09-1952,F,USA,California,Home,3,No,Website,3,776005.5,258668.5,2517.4300000000003,839.1433333333334,3,0
C1618,Individual,Linda,Price,11/22/1962,F,USA,Washington,Home,2,Yes,Website,4,1356655.6800000002,339163.92000000004,4413.21,1103.3025,3,1
C1619,Individual,Jason,Baker,10/24/1952,M,Belgium,Wallonia,Home,2,No,Website,4,1390206.46,347551.615,4656.0599999999995,1164.0149999999999,2,2
C1620,Individual,Jacob,Morales,05-07-1944,M,USA,California,Home,1,Yes,Website,3,788250.3500000001,262750.1166666667,2937.26,979.0866666666667,2,1
C1621,Individual,Carl,Wood,6/15/1954,M,USA,Oregon,Investment,2,No,Agency,3,739739.97,246579.99,2919.27,973.09,3,0
C1622,Individual,Angela,Taylor,02-01-1961,F,USA,Oregon,Home,1,Yes,Website,3,1054193.3599999999,351397.7866666666,3323.43,1107.81,3,0
C1623,Individual,Julia,Hall,01-12-1994,F,USA,Oregon,Home,4,No,Website,3,1060233.46,353411.1533333333,3333.89,1111.2966666666666,3,0
C1624,Individual,Jennifer,Stewart,01-04-1951,F,USA,California,Home,4,Yes,Website,4,1943363.94,485840.985,6410.68,1602.67,4,0
C1625,Individual,Harold,Wright,02-03-2000,M,Australia,Western Australia,Home,4,No,Agency,3,910587.85,303529.2833333333,3284.52,1094.84,3,0
C1626,Individual,Jennifer,Morales,2/24/1970,F,France,Provence,Home,2,Yes,Website,3,1225657.22,408552.4066666667,4394.54,1464.8466666666666,3,0
C1627,Individual,David,Bryant,8/14/1973,M,USA,California,Investment,1,No,Website,3,1275226.77,425075.59,4583.59,1527.8633333333335,3,0
C1628,Company,Lumina,Co,10/13/1993,F,France,Normandy,Home,4,Yes,Website,3,800299.08,266766.36,2528.19,842.73,2,1
C1629,Individual,Stephanie,Roberts,8/26/1956,F,USA,Utah,Home,5,No,Agency,3,789150.05,263050.01666666666,3024.39,1008.13,2,1
C1630,Company,Grandis,Co,05-06-1994,F,USA,Virginia,Investment,1,Yes,Website,3,1206881.92,402293.9733333333,4014.44,1338.1466666666668,2,1
C1631,Individual,Joan,Patterson,03-12-1966,F,UK,Northern Ireland,Home,5,No,Website,4,1683720.2,420930.05,5068.28,1267.07,3,1
C1632,Individual,Victoria,Wright,07-12-1963,F,USA,California,Investment,3,Yes,Agency,4,1425130.6800000002,356282.67000000004,4611.02,1152.755,4,0
C1633,Individual,Sara,Bennett,07-03-1977,F,Canada,Ontario,Home,2,No,Website,3,847190.3300000001,282396.7766666667,2930.45,976.8166666666666,2,1
C1634,Individual,Sara,King,01-11-1944,F,USA,Georgia,Investment,2,No,Website,4,1044217.01,261054.2525,3488.8,872.2,4,0
C1635,Individual,Lawrence,Moore,4/27/1948,M,France,Brittany,Home,1,No,Website,4,1104480.44,276120.11,3678.9700000000003,919.7425000000001,4,0
C1636,Company,Zynex,Co,01-10-1987,F,USA,Arizona,Home,5,Yes,Website,3,1171439.72,390479.9066666667,3925.54,1308.5133333333333,2,1
C1637,Individual,Jacob,Cook,02-11-1969,M,Mexico,Nuevo Leon,Home,5,No,Agency,3,1333020.46,444340.1533333333,4575.54,1525.18,3,0
C1638,Individual,Cynthia,Peterson,12/14/1978,F,France,Occitanie,Investment,1,Yes,Agency,3,1047895.71,349298.57,3527.05,1175.6833333333334,1,2
C1639,Individual,Ronald,Smith,9/26/1943,M,USA,Colorado,Home,1,No,Website,4,1088561.44,272140.36,3901.69,975.4225,4,0
C1640,Individual,Helen,Adams,11-04-1966,F,USA,California,Home,1,Yes,Website,4,1172146.65,293036.6625,4191.96,1047.99,4,0
C1641,Individual,Charles,Phillips,2/14/1972,M,USA,Utah,Home,1,No,Agency,4,1898878.08,474719.52,6016.389999999999,1504.0974999999999,2,2
C1642,Individual,Maria,Adams,7/20/1981,F,Canada,British Columbia,Home,5,No,Website,4,1441785.62,360446.405,4668.639999999999,1167.1599999999999,2,2
C1643,Individual,Carl,Rogers,01-09-1978,M,France,Ile-de-France,Home,4,No,Agency,3,1182889.92,394296.63999999996,4406.08,1468.6933333333334,3,0
C1644,Individual,Megan,Freeman,6/22/1944,F,USA,California,Home,1,No,Client,4,1312822.17,328205.5425,4097.35,1024.3375,4,0
C1645,Individual,Shirley,Chavez,02-08-1995,F,Australia,New South Wales,Investment,1,No,Website,4,1503973.21,375993.3025,4952.46,1238.115,3,1
C1646,Individual,Billy,Patterson,06-10-1998,M,USA,Washington,Investment,4,Yes,Agency,3,972186.46,324062.1533333333,3157.36,1052.4533333333334,3,0
C1647,Individual,Paul,Stone,11/25/1945,M,USA,Ohio,Home,4,Yes,Agency,3,1316368.95,438789.64999999997,4415.7,1471.8999999999999,3,0
C1648,Individual,Julia,Wood,9/21/1949,F,Australia,New South Wales,Home,3,No,Website,3,1282946.7,427648.89999999997,4430.83,1476.9433333333334,2,1
C1649,Individual,Melissa,Price,03-02-1982,F,USA,Oregon,Home,4,Yes,Agency,4,1540887.81,385221.9525,5016.18,1254.045,3,1
C1650,Individual,Edward,Griffin,04-01-1969,M,USA,Washington,Investment,2,No,Website,3,1065238.5,355079.5,3173.8500000000004,1057.95,2,1
C1651,Individual,Ryan,Bell,11/19/1945,M,USA,California,Investment,4,No,Website,3,962066.4199999999,320688.80666666664,2641.98,880.66,3,0
C1652,Individual,Paul,Weaver,1/15/1964,M,USA,Nevada,Investment,4,Yes,Client,3,1078933.8,359644.60000000003,3505.15,1168.3833333333334,2,1
C1653,Individual,Sara,White,08-02-1974,F,USA,Colorado,Investment,4,Yes,Website,4,957106.48,239276.62,3443.73,860.9325,4,0
C1654,Individual,Judith,Brooks,04-05-1968,F,USA,California,Home,1,No,Website,4,1250065.3800000001,312516.34500000003,3806.55,951.6375,3,1
C1655,Individual,Sara,Cox,5/16/1965,F,USA,Texas,Investment,2,No,Website,3,974749.8,324916.60000000003,3265.76,1088.5866666666668,2,1
C1656,Individual,Jacob,Baker,05-05-1991,M,Belgium,Wallonia,Investment,4,Yes,Website,4,1401657.84,350414.46,4729.49,1182.3725,3,1
C1657,Individual,Donald,Kim,5/19/1958,M,USA,California,Home,2,No,Website,4,1316624.69,329156.1725,4095.87,1023.9675,3,1
C1658,Individual,Ronald,Patterson,08-07-1970,M,USA,California,Home,5,No,Agency,4,1243178.6,310794.65,3936.48,984.12,4,0
C1659,Individual,Joshua,Thompson,09-05-1946,M,Denmark,Zealand,Home,4,No,Website,4,1576416.87,394104.2175,5229.2,1307.3,4,0
C1660,Individual,Henry,Richardson,4/27/1940,M,USA,Nevada,Home,4,Yes,Website,4,1330046.48,332511.62,4274.28,1068.57,4,0
C1661,Individual,Ronald,Cox,8/20/1975,M,USA,Washington,Home,4,No,Agency,3,1511063.27,503687.75666666665,4798.03,1599.3433333333332,2,1
C1662,Individual,Gary,Montgomery,5/16/1967,M,Russia,Tatarstan,Home,4,No,Website,4,1505862.74,376465.685,5281.4,1320.35,3,1
C1663,Individual,Joshua,Garcia,5/13/1977,M,USA,Colorado,Investment,3,No,Agency,3,926064.21,308688.07,3128.13,1042.71,2,1
C1664,Individual,Judith,Hayes,7/25/1969,F,France,Occitanie,Investment,5,No,Agency,3,1390001.73,463333.91,4335.88,1445.2933333333333,2,1
C1665,Individual,Harold,Bell,12/16/1995,M,USA,Arizona,Home,5,No,Website,4,966971.19,241742.7975,3308.8,827.2,4,0
C1666,Individual,Brenda,Edwards,09-08-1962,F,USA,Ohio,Home,2,No,Website,3,706503.5900000001,235501.19666666668,2208.13,736.0433333333334,3,0
C1667,Individual,Stephanie,Cook,11/14/1967,F,USA,California,Investment,4,No,Agency,3,831811.52,277270.50666666665,2586.33,862.11,3,0
C1668,Individual,Scott,Green,11-12-1957,M,Australia,Victoria,Home,5,No,Website,4,1046863.21,261715.8025,3488.8,872.2,4,0
C1669,Individual,Steven,Collins,04-07-1960,M,Canada,Alberta,Investment,3,Yes,Agency,4,948271.3400000001,237067.83500000002,3350.09,837.5225,2,2
C1670,Individual,Angela,Watson,12-09-1970,F,USA,Colorado,Home,3,Yes,Website,4,1356021.03,339005.2575,4306.36,1076.59,3,1
C1671,Individual,Ashley,Howard,9/13/1948,F,USA,California,Home,3,No,Agency,4,1329236.75,332309.1875,4482.48,1120.62,3,1
C1672,Individual,Jacqueline,Morales,04-09-1974,F,USA,Nevada,Investment,4,No,Website,3,728363.1699999999,242787.7233333333,2669.75,889.9166666666666,3,0
C1673,Individual,Katherine,Martin,03-04-1992,F,USA,Washington,Home,1,Yes,Website,4,1803634.76,450908.69,5691.97,1422.9925,3,1
C1674,Individual,Emily,Jackson,12/22/1941,F,USA,California,Home,5,Yes,Website,4,1614623.53,403655.8825,5074.83,1268.7075,3,1
C1675,Individual,Emma,Reyes,04-08-1985,F,Canada,Alberta,Investment,5,No,Website,3,918037.6799999999,306012.56,3038.88,1012.96,3,0
C1676,Individual,Amy,Allen,9/19/1999,F,USA,Washington,Home,2,No,Website,4,1251637.0,312909.25,4076.49,1019.1225,4,0
C1677,Individual,Kevin,Thomas,12/20/1964,M,USA,Texas,Home,1,Yes,Website,3,942915.1799999999,314305.06,2927.83,975.9433333333333,3,0
C1678,Individual,Gary,Sanders,03-06-1961,M,USA,California,Home,1,Yes,Agency,3,1377654.29,459218.0966666667,4951.42,1650.4733333333334,2,1
C1679,Individual,Christina,Nelson,2/28/1986,F,USA,Nevada,Investment,4,No,Website,3,1194618.9,398206.3,3804.1400000000003,1268.0466666666669,2,1
C1680,Individual,Danielle,Howard,9/25/1999,F,USA,California,Investment,4,No,Agency,3,665078.77,221692.92333333334,2076.39,692.13,3,0
C1681,Individual,Carl,Alexander,7/27/1961,M,USA,Oregon,Home,3,Yes,Client,4,1408304.94,352076.235,4627.05,1156.7625,3,1
C1682,Individual,Amanda,Brooks,04-11-1987,F,USA,Nevada,Home,2,No,Website,4,1469905.41,367476.3525,5028.37,1257.0925,4,0
C1683,Individual,Amber,Patterson,11/19/1999,F,USA,Oregon,Investment,1,No,Client,4,1410114.6,352528.65,4578.96,1144.74,2,2
C1684,Individual,Grace,Cooper,07-01-1977,F,USA,Colorado,Investment,4,No,Website,4,1109440.17,277360.0425,3533.9300000000003,883.4825000000001,4,0
C1685,Individual,Kathleen,Parker,5/16/1977,F,USA,California,Home,5,No,Agency,3,1109623.75,369874.5833333333,3823.56,1274.52,3,0
C1686,Individual,David,Howard,1/25/1977,M,USA,California,Investment,2,Yes,Agency,4,1214377.82,303594.455,4295.62,1073.905,3,1
C1687,Individual,Eric,Anderson,5/15/1967,M,USA,California,Home,4,Yes,Website,4,1026117.62,256529.405,3741.48,935.37,3,1
C1688,Individual,Amanda,Flores,4/28/1996,F,USA,Oregon,Home,5,No,Client,3,1314384.27,438128.09,3845.87,1281.9566666666667,3,0
C1689,Individual,Virginia,King,1/26/1985,F,USA,Oregon,Investment,1,Yes,Client,3,896100.8,298700.26666666666,2919.27,973.09,2,1
C1690,Individual,Terry,Martin,8/18/1951,M,Denmark,North Denmark,Home,2,Yes,Agency,3,1662639.06,554213.02,5264.81,1754.9366666666667,3,0
C1691,Individual,Robert,Reed,3/25/1946,M,USA,Arizona,Home,5,No,Website,4,1212731.6,303182.9,3939.81,984.9525,4,0
C1692,Individual,Joseph,Patterson,03-08-1991,M,Canada,Ontario,Home,5,Yes,Agency,4,1165619.9100000001,291404.97750000004,3939.81,984.9525,4,0
C1693,Individual,Donald,Turner,11/20/1990,M,Belgium,Flanders,Home,1,No,Website,4,1557035.08,389258.77,5368.610000000001,1342.1525000000001,2,2
C1694,Individual,Gloria,Foster,7/18/1957,F,USA,Virginia,Home,5,No,Agency,4,1457395.73,364348.9325,4810.78,1202.695,4,0
C1695,Individual,Tiffany,Peterson,12/13/1955,F,Belgium,Flanders,Home,5,No,Website,3,975866.19,325288.73,3333.89,1111.2966666666666,3,0
C1696,Individual,Emily,Jones,2/20/1987,F,USA,Florida,Home,1,No,Website,4,1316025.35,329006.3375,4368.34,1092.085,4,0
C1697,Individual,Maria,Brown,08-07-1980,F,Belgium,Brussels,Home,2,No,Client,4,802813.26,200703.315,2803.13,700.7825,4,0
C1698,Individual,Zachary,Stone,12-05-1950,M,UK,Northern Ireland,Home,4,Yes,Website,3,764529.97,254843.32333333333,2704.88,901.6266666666667,3,0
C1699,Individual,Peter,Phillips,7/15/1969,M,Australia,Western Australia,Home,3,Yes,Agency,4,1161971.24,290492.81,3786.6099999999997,946.6524999999999,3,1
C1700,Individual,Nicholas,Young,11-04-1943,M,USA,Nevada,Home,3,No,Website,4,1293648.37,323412.0925,4202.29,1050.5725,2,2
C1701,Individual,Karen,Montgomery,6/27/1982,F,USA,Arizona,Home,1,No,Website,3,916043.72,305347.9066666667,2937.26,979.0866666666667,2,1
C1702,Individual,Frank,Alexander,01-04-1990,M,USA,Washington,Investment,5,Yes,Website,3,1259181.49,419727.16333333333,4431.09,1477.03,1,2
C1703,Individual,Gerald,Cox,8/13/1999,M,USA,Texas,Investment,4,No,Agency,3,868665.77,289555.25666666665,2942.6099999999997,980.8699999999999,3,0
C1704,Individual,Susan,Flores,2/15/1963,F,Denmark,Capital Region,Home,4,No,Agency,3,1131490.6400000001,377163.5466666667,3753.75,1251.25,2,1
C1705,Individual,Kenneth,Howard,11/23/1979,M,USA,Virginia,Investment,3,Yes,Website,3,1031987.6799999999,343995.8933333333,3147.92,1049.3066666666666,3,0
C1706,Individual,Matthew,Jordan,5/13/1976,M,USA,California,Home,3,Yes,Website,4,1417221.48,354305.37,4515.87,1128.9675,4,0
C1707,Individual,Adam,Allen,9/19/1973,M,USA,Georgia,Home,1,Yes,Website,3,770609.62,256869.87333333332,2699.27,899.7566666666667,3,0
C1708,Individual,Andrea,Wilson,08-06-1986,F,Germany,Hesse,Home,1,Yes,Agency,3,854426.52,284808.84,2691.9300000000003,897.3100000000001,3,0
C1709,Individual,Danielle,Cox,08-09-1946,F,USA,Arizona,Investment,3,No,Agency,3,1336416.1600000001,445472.0533333334,4539.51,1513.17,3,0
C1710,Individual,Joe,Flores,5/26/1957,M,Canada,Alberta,Investment,2,Yes,Website,3,1027918.12,342639.37333333335,3468.2400000000002,1156.0800000000002,2,1
C1711,Individual,Debra,Hayes,8/24/1981,F,USA,California,Investment,3,Yes,Website,4,1015613.11,253903.2775,3347.77,836.9425,3,1
C1712,Individual,Ryan,Turner,03-04-1971,M,France,Occitanie,Home,5,No,Website,4,1280242.15,320060.5375,4408.32,1102.08,3,1
C1713,Individual,Julia,Cook,02-08-1981,F,USA,Oregon,Home,1,No,Website,4,1401670.4500000002,350417.61250000005,4746.09,1186.5225,4,0
C1714,Individual,Nathan,Brooks,07-05-1948,M,USA,Colorado,Home,3,No,Website,4,1054289.58,263572.395,3294.65,823.6625,3,1
C1715,Individual,Hannah,Watson,4/13/1963,F,USA,Florida,Home,3,Yes,Agency,4,987214.1799999999,246803.54499999998,3601.56,900.39,3,1
C1716,Individual,Michelle,Montgomery,10/13/1980,F,USA,California,Home,1,No,Website,3,1027286.48,342428.82666666666,3387.5299999999997,1129.1766666666665,3,0
C1717,Individual,Martha,Thomas,12/21/1941,F,USA,California,Home,4,Yes,Website,3,915606.0700000001,305202.0233333334,2942.6099999999997,980.8699999999999,3,0
C1718,Individual,Janet,Peterson,01-06-1995,F,USA,California,Home,1,No,Website,4,1362121.47,340530.3675,4602.96,1150.74,4,0
C1719,Company,Halcyon,Co,05-10-1960,M,USA,Florida,Home,2,No,Agency,3,1178759.88,392919.95999999996,3791.59,1263.8633333333335,2,1
C1720,Individual,Danielle,Kim,10-10-1996,F,USA,California,Home,5,Yes,Website,4,1396671.77,349167.9425,4488.37,1122.0925,4,0
C1721,Individual,Carl,Weaver,12-10-1986,M,USA,Nevada,Home,2,No,Agency,4,1282729.71,320682.4275,4136.27,1034.0675,4,0
C1722,Individual,Jacqueline,Morris,11/23/1982,F,USA,Nevada,Home,3,No,Website,4,1676365.72,419091.43,5229.2,1307.3,4,0
C1723,Individual,Carol,Allen,02-02-1998,F,Canada,Quebec,Home,2,Yes,Agency,4,1084602.42,271150.605,3601.56,900.39,4,0
C1724,Individual,Justin,Cook,6/19/1956,M,USA,Virginia,Home,4,No,Website,4,1646338.3599999999,411584.58999999997,5435.87,1358.9675,4,0
C1725,Individual,Sharon,Patterson,01-12-1959,F,USA,Nevada,Home,3,Yes,Website,4,1352500.23,338125.0575,4669.59,1167.3975,4,0
C1726,Individual,Diane,Scott,8/15/1948,F,UK,Northern Ireland,Home,3,No,Website,3,1141107.24,380369.08,3581.32,1193.7733333333333,2,1
C1727,Individual,Katherine,Morales,12-06-1945,F,USA,New York,Home,3,No,Website,4,1563834.42,390958.605,4842.95,1210.7375,4,0
C1728,Individual,Kimberly,Garcia,03-08-1944,F,USA,Oregon,Home,3,Yes,Client,4,1436312.58,359078.145,4901.0599999999995,1225.2649999999999,4,0
C1729,Individual,Robert,Richardson,6/26/1955,M,Canada,British Columbia,Home,3,Yes,Website,3,956356.54,318785.51333333337,3272.3199999999997,1090.7733333333333,3,0
C1730,Individual,Jeffrey,Young,11/22/1979,M,Mexico,Puebla,Investment,5,Yes,Agency,3,796432.48,265477.49333333335,2768.0699999999997,922.6899999999999,2,1
C1731,Individual,Nathan,Garcia,12/19/1971,M,USA,California,Home,4,Yes,Website,4,1172220.1099999999,293055.02749999997,3866.24,966.56,3,1
C1732,Individual,Megan,Wilson,7/15/1970,F,Canada,Alberta,Investment,2,No,Agency,3,1551003.8399999999,517001.27999999997,4963.42,1654.4733333333334,3,0
C1733,Individual,Helen,Jones,4/22/1948,F,USA,California,Home,3,Yes,Agency,4,1179975.09,294993.7725,4039.73,1009.9325,3,1
C1734,Individual,Zachary,Roberts,1/14/1975,M,USA,California,Home,5,No,Website,3,1078504.94,359501.64666666667,3763.51,1254.5033333333333,3,0
C1735,Individual,Amber,Miller,10-07-1969,F,USA,Utah,Investment,3,No,Website,3,1139995.98,379998.66,3775.2,1258.3999999999999,3,0
C1736,Individual,Ann,Cook,9/21/1989,F,USA,California,Investment,4,Yes,Website,4,1482243.88,370560.97,4488.37,1122.0925,4,0
C1737,Individual,Jennifer,Jackson,12/24/1992,F,USA,California,Investment,3,No,Website,3,1060946.57,353648.8566666667,3272.3199999999997,1090.7733333333333,3,0
C1738,Individual,Sharon,Hall,2/25/1977,F,USA,California,Home,5,No,Website,3,861195.69,287065.23,3050.29,1016.7633333333333,3,0
C1739,Individual,Steven,Smith,2/25/1985,M,Russia,Novosibirsk,Investment,3,Yes,Website,4,998344.48,249586.12,3488.8,872.2,4,0
C1740,Individual,Ashley,Alexander,9/15/1951,F,USA,California,Home,5,Yes,Website,4,1439013.3399999999,359753.33499999996,4656.06,1164.015,4,0
C1741,Individual,Alexander,Wright,4/18/1976,M,USA,Virginia,Home,5,No,Website,4,1310713.04,327678.26,4561.52,1140.38,3,1
C1742,Company,Crestwood,Co,8/14/1988,F,USA,California,Home,5,No,Agency,3,1177856.21,392618.73666666663,4295.37,1431.79,2,1
C1743,Individual,Linda,Bell,7/26/1946,F,Belgium,Flanders,Home,1,No,Client,3,839069.28,279689.76,2645.35,881.7833333333333,3,0
C1744,Individual,Brian,Green,11/16/1961,M,Russia,Krasnodar Krai,Investment,1,No,Website,4,1320002.42,330000.605,4368.34,1092.085,4,0
C1745,Individual,Ann,Sanders,6/21/1976,F,USA,California,Home,1,No,Website,3,1261495.5,420498.5,4462.98,1487.6599999999999,3,0
C1746,Individual,Jennifer,Cox,6/14/1959,F,Belgium,Flanders,Home,3,No,Website,3,793835.85,264611.95,2622.57,874.19,3,0
C1747,Individual,Bryan,Flores,2/19/1965,M,USA,Colorado,Home,5,No,Client,3,1016661.44,338887.14666666667,3177.45,1059.1499999999999,2,1
C1748,Individual,Albert,Jones,11-11-1950,M,USA,California,Home,4,Yes,Website,3,1112272.46,370757.48666666663,3823.56,1274.52,2,1
C1749,Individual,Brandon,Moore,5/27/1956,M,USA,California,Home,3,No,Website,3,832665.62,277555.20666666667,2586.3199999999997,862.1066666666666,3,0
C1750,Company,Stratos,Co,01-12-1991,M,USA,Colorado,Home,3,No,Website,4,1497163.73,374290.9325,4600.8,1150.2,4,0
C1751,Individual,Christine,Scott,2/28/1955,F,USA,Ohio,Home,5,No,Website,4,873120.47,218280.1175,2803.13,700.7825,3,1
C1752,Individual,Jonathan,Cook,02-06-1980,M,USA,California,Investment,1,Yes,Website,3,1119600.47,373200.1566666667,3457.79,1152.5966666666666,3,0
C1753,Individual,Arthur,Peterson,12/18/1945,M,USA,Georgia,Investment,3,Yes,Website,3,770077.48,256692.49333333332,2892.8,964.2666666666668,3,0
C1754,Individual,Frank,Gray,11-11-1995,M,USA,Virginia,Home,2,Yes,Website,3,1361555.24,453851.74666666664,4415.7,1471.8999999999999,3,0
C1755,Individual,Mark,Griffin,8/26/1998,M,USA,Nevada,Home,1,Yes,Website,3,672116.9199999999,224038.9733333333,2328.73,776.2433333333333,3,0
C1756,Individual,Daniel,Cook,3/21/1990,M,USA,Utah,Home,1,No,Website,4,1481404.3900000001,370351.09750000003,4584.0599999999995,1146.0149999999999,3,1
C1757,Individual,Brian,Hayes,07-01-1985,M,Germany,Bavaria,Home,3,No,Client,3,1125366.62,375122.2066666667,3546.24,1182.08,3,0
C1758,Individual,Carl,Pierce,1/14/1985,M,USA,Oregon,Investment,4,Yes,Agency,4,1006481.1799999999,251620.29499999998,3204.26,801.065,3,1
C1759,Individual,Jose,Stone,10-10-1974,M,USA,California,Investment,1,No,Website,4,1031917.22,257979.305,3325.88,831.47,4,0
C1760,Individual,Mary,Harris,10-07-1975,F,Belgium,Brussels,Home,2,No,Website,4,1454358.32,363589.58,5061.53,1265.3825,2,2
C1761,Individual,Nicholas,Thompson,01-08-1955,M,USA,Washington,Home,1,No,Website,4,1181772.43,295443.1075,3889.34,972.335,4,0
C1762,Individual,Larry,Harris,1/21/1964,M,USA,Virginia,Home,1,No,Website,3,1023352.22,341117.4066666667,3272.84,1090.9466666666667,3,0
C1763,Individual,Kimberly,Young,11/26/1954,F,USA,New York,Home,3,No,Website,4,1789381.67,447345.4175,5498.34,1374.585,2,2
C1764,Individual,Kelly,Baker,11-05-1946,F,USA,Nevada,Home,2,No,Agency,4,1668335.18,417083.795,5355.599999999999,1338.8999999999999,2,2
C1765,Individual,Pamela,Reyes,05-01-1997,F,USA,Colorado,Home,1,Yes,Client,4,1734167.51,433541.8775,6308.93,1577.2325,4,0
C1766,Individual,Sharon,Bennett,05-05-1993,F,USA,California,Home,4,No,Website,4,1371247.08,342811.77,4285.57,1071.3925,4,0
C1767,Individual,Joe,Sanders,5/21/1978,M,USA,Colorado,Home,3,No,Website,4,1455838.9100000001,363959.72750000004,4493.27,1123.3175,2,2
C1768,Individual,Cynthia,Hughes,03-01-1943,F,Russia,Saint Petersburg,Home,4,No,Website,4,985105.21,246276.3025,3338.63,834.6575,4,0
C1769,Company,Forsyte,Co,10/22/1985,M,USA,Oregon,Home,1,Yes,Client,3,985909.0,328636.3333333333,3304.65,1101.55,2,1
C1770,Individual,Betty,Parker,11/17/1945,F,USA,Washington,Home,1,Yes,Agency,3,1334771.42,444923.80666666664,4407.54,1469.18,3,0
C1771,Company,Atlas,Co,6/22/1975,M,USA,Georgia,Home,3,Yes,Client,3,1280895.97,426965.3233333333,4306.99,1435.6633333333332,3,0
C1772,Company,Forsyte,Co,1/13/1975,F,Canada,Alberta,Investment,5,Yes,Agency,4,1105281.92,276320.48,4063.47,1015.8675,3,1
C1773,Individual,Kenneth,Williams,12/25/1980,M,USA,Nevada,Investment,3,Yes,Agency,4,1284141.19,321035.2975,3938.59,984.6475,3,1
C1774,Individual,Frank,James,12/26/1984,M,USA,Oregon,Home,4,No,Agency,4,1169335.49,292333.8725,4034.65,1008.6625,4,0
C1775,Individual,Betty,Howard,10-07-1970,F,USA,California,Home,3,No,Agency,4,1414776.99,353694.2475,4411.889999999999,1102.9724999999999,4,0
C1776,Individual,Martha,Mitchell,09-01-1973,F,France,Occitanie,Home,1,No,Website,3,1071718.4,357239.4666666666,3588.52,1196.1733333333334,3,0
C1777,Individual,Jason,Long,9/24/1974,M,USA,California,Investment,5,No,Client,3,784629.95,261543.31666666665,2701.38,900.46,3,0
C1778,Individual,Jeffrey,Cox,01-09-1994,M,USA,Georgia,Investment,4,Yes,Website,3,1216664.8199999998,405554.93999999994,4019.19,1339.73,3,0
C1779,Individual,Sharon,Thomas,4/20/1979,F,USA,California,Home,5,No,Client,4,1563236.5499999998,390809.13749999995,5148.4,1287.1,4,0
C1780,Individual,Richard,Patterson,5/18/1956,M,USA,Utah,Investment,1,No,Website,4,1735557.1500000001,433889.28750000003,5366.86,1341.715,2,2
C1781,Individual,Betty,Thomas,10-08-1968,F,USA,California,Home,4,No,Website,4,1383316.42,345829.105,4656.0599999999995,1164.0149999999999,4,0
C1782,Individual,Ann,King,12-04-1999,F,UK,England,Investment,1,No,Website,4,897646.55,224411.6375,3134.56,783.64,4,0
C1783,Individual,Jacob,Garcia,03-07-1954,M,USA,California,Home,3,No,Website,4,1136482.92,284120.73,3535.22,883.805,3,1
C1784,Individual,Albert,Moore,2/24/1998,M,Australia,Western Australia,Home,3,No,Client,4,1352274.53,338068.6325,4427.49,1106.8725,4,0
C1785,Individual,Lauren,Allen,2/27/1956,F,USA,Colorado,Home,1,Yes,Website,3,1006568.23,335522.74333333335,3469.69,1156.5633333333333,2,1
C1786,Individual,Adam,White,03-07-1995,M,USA,California,Home,1,No,Website,4,1247095.22,311773.805,4409.09,1102.2725,3,1
C1787,Individual,Stephen,Flores,9/22/1955,M,USA,Georgia,Investment,5,No,Agency,4,1289585.42,322396.355,4117.52,1029.38,1,3
C1788,Individual,Zachary,James,10/27/1989,M,USA,California,Home,3,No,Website,3,1116876.81,372292.27,3467.09,1155.6966666666667,3,0
C1789,Individual,Edward,Brooks,7/25/1982,M,USA,Colorado,Home,5,Yes,Agency,3,1359605.1,453201.7,4580.87,1526.9566666666667,2,1
C1790,Individual,Jacob,Hansen,2/18/1940,M,USA,Nevada,Investment,5,No,Client,4,1335521.08,333880.27,4639.87,1159.9675,4,0
C1791,Individual,Gerald,Scott,4/26/1966,M,USA,California,Home,5,No,Agency,3,894512.8,298170.93333333335,3150.24,1050.08,3,0
C1792,Individual,Terry,Pierce,6/17/1995,M,USA,California,Home,3,No,Agency,4,1948563.24,487140.81,6705.53,1676.3825,3,1
C1793,Individual,Richard,James,04-05-1969,M,USA,Utah,Investment,1,No,Website,4,1317525.03,329381.2575,4408.32,1102.08,4,0
C1794,Individual,Douglas,Chavez,12/25/1995,M,USA,Colorado,Home,3,No,Website,4,1378476.06,344619.015,4550.35,1137.5875,4,0
C1795,Individual,William,Brown,12-01-1945,M,USA,California,Home,5,Yes,Website,4,1058019.94,264504.985,3308.8,827.2,1,3
C1796,Individual,Betty,Hughes,9/21/1950,F,USA,California,Investment,5,Yes,Client,3,1158919.94,386306.64666666667,3859.45,1286.4833333333333,3,0
C1797,Individual,Katherine,Howard,2/26/1957,F,USA,Oregon,Home,3,Yes,Website,3,910545.9199999999,303515.30666666664,3100.86,1033.6200000000001,3,0
C1798,Individual,Bryan,Peterson,08-10-1966,M,USA,Arizona,Investment,1,Yes,Website,4,1601121.79,400280.4475,5055.84,1263.96,2,2
C1799,Individual,Cheryl,Freeman,01-11-1950,F,USA,Colorado,Home,5,No,Agency,4,1022792.49,255698.1225,3294.65,823.6625,4,0
C1800,Individual,James,Campbell,4/13/1944,M,USA,Oregon,Home,1,No,Client,3,1120963.1,373654.3666666667,3904.95,1301.6499999999999,2,1
C1801,Individual,Jose,Howard,02-08-1964,M,USA,California,Home,5,Yes,Website,3,1473065.73,491021.91,4268.91,1422.97,2,1
C1802,Individual,Jack,Morris,3/26/1948,M,USA,Nevada,Investment,1,No,Client,4,1155979.49,288994.8725,4046.35,1011.5875,4,0
C1803,Individual,Susan,Bennett,4/14/1987,F,Canada,Quebec,Investment,5,No,Agency,3,1329728.19,443242.73,4331.9400000000005,1443.9800000000002,2,1
C1804,Individual,Albert,Kim,03-03-1989,M,USA,California,Home,1,No,Website,4,1735376.55,433844.1375,6016.389999999999,1504.0974999999999,4,0
C1805,Individual,Austin,Kim,01-09-1953,M,UK,Northern Ireland,Investment,3,No,Website,4,1871670.17,467917.5425,6797.47,1699.3675,3,1
C1806,Individual,Martha,Turner,4/13/1967,F,Australia,New South Wales,Investment,2,No,Agency,3,974821.86,324940.62,3147.92,1049.3066666666666,3,0
C1807,Individual,Angela,Allen,02-05-1957,F,France,Brittany,Home,5,No,Website,3,1520931.78,506977.26,4407.54,1469.18,2,1
C1808,Individual,Victoria,Stewart,01-08-1990,F,USA,Washington,Investment,2,No,Client,4,1102931.4500000002,275732.86250000005,3957.84,989.46,4,0
C1809,Individual,Laura,White,05-03-1981,F,USA,New York,Home,4,Yes,Agency,4,1221253.05,305313.2625,4417.17,1104.2925,4,0
C1810,Individual,Maria,Collins,01-06-1945,F,USA,Texas,Home,3,No,Agency,3,991862.87,330620.95666666667,3415.27,1138.4233333333334,3,0
C1811,Individual,Stephanie,Williams,2/16/1958,F,USA,California,Home,3,Yes,Agency,4,1189519.9,297379.975,4118.92,1029.73,4,0
C1812,Individual,Ryan,White,4/18/1977,M,France,Provence,Home,5,Yes,Website,4,1080880.0,270220.0,3823.0499999999997,955.7624999999999,3,1
C1813,Individual,Walter,Jordan,12-02-1947,M,Germany,Hamburg,Investment,3,Yes,Website,4,1552316.39,388079.0975,5178.58,1294.645,2,2
C1814,Individual,Scott,Roberts,04-07-1987,M,Denmark,North Denmark,Home,2,No,Website,4,1303261.99,325815.4975,4612.33,1153.0825,4,0
C1815,Individual,Aaron,Carter,3/26/1949,M,USA,California,Home,5,No,Agency,4,1182628.3,295657.075,3768.14,942.035,3,1
C1816,Individual,Sean,Miller,04-08-1962,M,Canada,Quebec,Home,2,No,Website,4,1078876.87,269719.2175,3639.93,909.9825,4,0
C1817,Individual,Cynthia,Garcia,7/28/1944,F,USA,Virginia,Home,1,No,Agency,3,1240667.65,413555.8833333333,4236.0599999999995,1412.0199999999998,3,0
C1818,Individual,Christine,Wood,8/17/1994,F,USA,Washington,Investment,5,Yes,Website,3,814797.06,271599.02,2554.28,851.4266666666667,3,0
C1819,Individual,William,Brown,02-11-1963,M,Russia,Krasnodar Krai,Home,1,No,Website,3,1067644.33,355881.44333333336,4019.2400000000002,1339.7466666666667,3,0
C1820,Individual,Nicholas,Howard,8/21/1979,M,France,Provence,Home,3,No,Website,4,970434.94,242608.735,3363.49,840.8725,4,0
C1821,Individual,Adam,Smith,10/22/1944,M,USA,Nevada,Home,5,No,Website,4,1733692.6199999999,433423.15499999997,4979.219999999999,1244.8049999999998,2,2
C1822,Individual,Frank,Weaver,2/28/1996,M,USA,Oregon,Investment,5,Yes,Website,4,1388147.75,347036.9375,4739.24,1184.81,4,0
C1823,Individual,Jacob,Watson,08-11-1967,M,USA,Oregon,Home,4,Yes,Website,3,993925.86,331308.62,2984.48,994.8266666666667,2,1
C1824,Individual,Jeffrey,Weaver,09-05-1962,M,USA,California,Home,3,No,Website,4,945036.97,236259.2425,3431.0299999999997,857.7574999999999,3,1
C1825,Individual,Eric,Jones,12/28/1956,M,Mexico,Nuevo Leon,Home,2,No,Agency,4,948769.9299999999,237192.48249999998,3210.85,802.7125,4,0
C1826,Individual,Jack,Williams,06-08-1951,M,USA,Ohio,Home,4,No,Client,4,1300035.21,325008.8025,4638.13,1159.5325,3,1
C1827,Individual,Donald,Thompson,01-02-1973,M,USA,New York,Home,5,Yes,Website,4,1221529.77,305382.4425,3954.87,988.7175,3,1
C1828,Individual,William,Wood,11/15/1991,M,USA,California,Investment,2,Yes,Website,4,1199213.25,299803.3125,4456.85,1114.2125,3,1
C1829,Individual,Rachel,Ward,7/17/1997,F,USA,California,Home,5,Yes,Agency,3,1194095.83,398031.94333333336,4182.63,1394.21,2,1
C1830,Individual,Virginia,Owens,3/20/1959,F,USA,Arizona,Home,3,No,Website,3,1363309.64,454436.54666666663,4462.98,1487.6599999999999,2,1
C1831,Individual,Janice,Smith,9/15/1950,F,Russia,Tatarstan,Home,3,No,Website,4,1004720.27,251180.0675,3889.34,972.335,4,0
C1832,Individual,Henry,Garcia,4/21/1987,M,USA,Oregon,Investment,1,Yes,Website,4,1282390.94,320597.735,4413.29,1103.3225,4,0
C1833,Individual,Jennifer,Weaver,1/17/1948,F,USA,Arizona,Investment,1,Yes,Website,3,1132086.83,377362.2766666667,4071.58,1357.1933333333334,3,0
C1834,Individual,Zachary,Phillips,3/13/1963,M,Belgium,Flanders,Investment,5,No,Agency,4,1222274.5999999999,305568.64999999997,3795.34,948.835,3,1
C1835,Individual,Nicole,Pierce,10/25/1959,F,Canada,Alberta,Investment,4,Yes,Agency,3,739211.6,246403.86666666667,2549.2400000000002,849.7466666666668,3,0
C1836,Individual,Judy,Wood,10-08-1960,F,USA,California,Investment,1,Yes,Website,4,1213775.31,303443.8275,3835.02,958.755,3,1
C1837,Individual,Julia,Freeman,04-06-1950,F,USA,California,Home,2,Yes,Client,4,1507583.69,376895.9225,5333.11,1333.2775,4,0
C1838,Individual,Joyce,Morales,1/14/1965,F,Canada,Alberta,Investment,1,No,Agency,4,1266344.58,316586.145,4123.32,1030.83,3,1
C1839,Individual,Kyle,Gray,1/21/1943,M,USA,California,Investment,2,No,Agency,4,967894.54,241973.635,3285.42,821.355,4,0
C1840,Individual,Gerald,Weaver,6/22/1986,M,UK,England,Investment,3,No,Website,3,911506.03,303835.3433333333,3194.2,1064.7333333333333,2,1
C1841,Individual,Austin,Williams,5/27/1947,M,USA,New York,Home,4,No,Website,4,1612088.13,403022.0325,5498.34,1374.585,4,0
C1842,Company,Rexon,Co,10-08-1978,M,Canada,Alberta,Home,3,Yes,Agency,3,1252827.37,417609.12333333335,4222.54,1407.5133333333333,3,0
C1843,Individual,Jose,Stone,6/18/1952,M,Germany,Hesse,Home,4,No,Website,4,1487849.65,371962.4125,4875.36,1218.84,3,1
C1844,Individual,Grace,Howard,7/21/1978,F,USA,Ohio,Home,1,No,Agency,4,1033138.51,258284.6275,3351.52,837.88,3,1
C1845,Individual,Joshua,Green,09-11-1949,M,USA,California,Investment,1,Yes,Website,3,889124.6799999999,296374.8933333333,2916.16,972.0533333333333,3,0
C1846,Individual,Sara,Allen,10/26/1985,F,Russia,Novosibirsk,Home,5,Yes,Agency,3,886017.55,295339.18333333335,2942.6099999999997,980.8699999999999,3,0
C1847,Individual,Brian,Griffin,04-01-1952,M,USA,Utah,Home,4,No,Website,4,1080850.85,270212.7125,3438.85,859.7125,4,0
C1848,Individual,Sarah,Davis,7/17/1993,F,USA,California,Home,2,No,Website,4,1595352.82,398838.205,5180.389999999999,1295.0974999999999,3,1
C1849,Individual,Joseph,Wilson,09-02-1976,M,Canada,Alberta,Investment,3,Yes,Website,3,1019239.08,339746.36,3050.29,1016.7633333333333,2,1
C1850,Individual,Gregory,Miller,7/25/1971,M,USA,New York,Investment,5,Yes,Agency,4,1380990.75,345247.6875,4706.74,1176.685,4,0
C1851,Individual,Kimberly,Miller,06-08-1954,F,UK,England,Home,3,Yes,Agency,4,1552543.97,388135.9925,4614.23,1153.5575,1,3
C1852,Individual,Julie,Hall,12/15/1997,F,USA,Virginia,Home,4,No,Website,3,1674072.07,558024.0233333333,5201.04,1733.68,2,1
C1853,Individual,Jennifer,Owens,2/24/1949,F,USA,Virginia,Investment,4,No,Website,4,1207329.15,301832.2875,4050.23,1012.5575,4,0
C1854,Company,Rexon,Co,3/23/1960,M,France,Ile-de-France,Investment,1,No,Client,4,1387997.02,346999.255,4417.17,1104.2925,4,0
C1855,Individual,Gloria,Hansen,02-07-1984,F,USA,California,Home,2,Yes,Website,4,1117305.8599999999,279326.46499999997,3498.51,874.6275,4,0
C1856,Company,Altira,Co,5/24/1994,M,USA,Virginia,Home,2,No,Website,3,1216231.4300000002,405410.47666666674,4002.3,1334.1000000000001,3,0
C1857,Individual,Walter,Johnson,3/22/1987,M,USA,California,Investment,2,Yes,Website,3,919814.94,306604.98,2797.11,932.37,2,1
C1858,Individual,Amy,Hayes,06-05-1958,F,USA,Colorado,Home,5,No,Website,3,1161958.29,387319.43,3802.76,1267.5866666666668,3,0
C1859,Individual,Zachary,Taylor,11/18/1943,M,USA,California,Home,5,Yes,Client,4,1087561.59,271890.3975,3449.12,862.28,2,2
C1860,Company,Caldera,Co,7/17/1970,F,USA,California,Home,4,Yes,Agency,4,1661197.49,415299.3725,5355.599999999999,1338.8999999999999,4,0
C1861,Individual,Nathan,Evans,01-08-1982,M,USA,California,Investment,3,Yes,Website,4,1475178.95,368794.7375,4959.610000000001,1239.9025000000001,4,0
C1862,Individual,Joshua,Long,8/22/1953,M,USA,California,Home,1,Yes,Website,3,988771.17,329590.39,3230.07,1076.69,3,0
C1863,Individual,Megan,Hansen,03-04-1948,F,UK,Scotland,Home,3,No,Website,4,1281313.02,320328.255,4156.76,1039.19,4,0
C1864,Individual,Hannah,Weaver,4/25/1972,F,USA,New York,Home,5,Yes,Website,4,1131730.6,282932.65,4109.3,1027.325,3,1
C1865,Individual,Sean,Rogers,01-11-1974,M,USA,Arizona,Investment,4,No,Website,3,1092253.24,364084.41333333333,3588.52,1196.1733333333334,2,1
C1866,Individual,Joyce,Martin,8/23/1971,F,USA,Nevada,Home,2,No,Agency,4,1620195.43,405048.8575,5521.04,1380.26,4,0
C1867,Individual,Robert,Richardson,1/13/1952,M,USA,California,Home,2,Yes,Website,3,761781.8,253927.2666666667,2373.1200000000003,791.0400000000001,2,1
C1868,Individual,Michelle,Thomas,11/28/1975,F,UK,Wales,Home,1,No,Website,4,1469394.43,367348.6075,4793.49,1198.3725,3,1
C1869,Individual,Margaret,Campbell,10-05-1975,F,Mexico,Nuevo Leon,Home,5,No,Client,4,1335399.36,333849.84,4530.95,1132.7375,3,1
C1870,Individual,Lawrence,Moore,10/13/1980,M,USA,Washington,Investment,1,No,Agency,3,680865.94,226955.31333333332,2528.04,842.68,2,1
C1871,Individual,Amy,Reyes,10/18/1961,F,USA,Texas,Home,1,Yes,Website,4,1096466.77,274116.6925,4001.66,1000.415,3,1
C1872,Individual,Raymond,Jones,10/23/1940,M,Mexico,Mexico City,Home,5,No,Client,3,1284121.27,428040.42333333334,4356.79,1452.2633333333333,3,0
C1873,Individual,Cheryl,Collins,03-10-1959,F,Canada,British Columbia,Home,5,No,Agency,4,841611.53,210402.8825,2909.06,727.265,3,1
C1874,Individual,Justin,Cooper,11/18/1972,M,USA,Colorado,Investment,1,No,Agency,3,1058361.99,352787.33,3375.51,1125.17,3,0
C1875,Individual,Melissa,Roberts,9/13/1943,F,USA,Nevada,Home,2,No,Client,3,1220153.8599999999,406717.9533333333,4019.19,1339.73,2,1
C1876,Company,Bravada,Co,3/17/1981,M,USA,Ohio,Investment,4,Yes,Website,3,1543986.34,514662.11333333334,4571.08,1523.6933333333334,3,0
C1877,Individual,Walter,Bryant,9/16/1961,M,USA,Arizona,Home,5,No,Agency,3,905899.79,301966.5966666667,3024.39,1008.13,2,1
C1878,Individual,Paul,Rogers,10-07-1967,M,USA,Washington,Home,5,No,Agency,3,958603.36,319534.4533333333,3292.31,1097.4366666666667,3,0
C1879,Individual,Deborah,Roberts,1/23/1977,F,USA,New York,Home,3,No,Website,3,1536294.68,512098.2266666666,4512.84,1504.28,2,1
C1880,Individual,Joan,Morales,1/22/1998,F,USA,California,Home,5,Yes,Client,4,1319939.53,329984.8825,4213.08,1053.27,4,0
C1881,Individual,Brenda,Phillips,9/13/1989,F,USA,Oregon,Home,2,Yes,Website,3,972731.0900000001,324243.6966666667,3381.45,1127.1499999999999,2,1
C1882,Individual,Deborah,Turner,3/22/1960,F,USA,Virginia,Investment,3,No,Website,3,884144.1,294714.7,2803.3,934.4333333333334,3,0
C1883,Individual,Sean,Peterson,02-11-1941,M,USA,California,Home,1,No,Agency,4,1877399.3199999998,469349.82999999996,5956.44,1489.11,4,0
C1884,Individual,Terry,Bell,08-06-1954,M,USA,Nevada,Home,5,Yes,Website,3,930994.2100000001,310331.4033333334,2992.24,997.4133333333333,3,0
C1885,Individual,Ryan,Bell,10/26/1967,M,Germany,Hamburg,Home,1,Yes,Agency,4,1740983.97,435245.9925,6256.3099999999995,1564.0774999999999,4,0
C1886,Individual,Maria,Richardson,11/16/1999,F,USA,California,Home,5,No,Website,3,774293.9299999999,258097.97666666665,2528.04,842.68,3,0
C1887,Individual,Emma,Campbell,01-07-1986,F,USA,Oregon,Investment,1,No,Agency,3,822999.76,274333.25333333336,2823.6299999999997,941.2099999999999,3,0
C1888,Individual,Donald,Griffin,08-06-1962,M,USA,California,Home,3,No,Website,4,981962.01,245490.5025,3283.6899999999996,820.9224999999999,4,0
C1889,Individual,Matthew,Richardson,07-10-1987,M,USA,California,Home,4,Yes,Website,3,1193609.3,397869.76666666666,3617.89,1205.9633333333334,2,1
C1890,Individual,Mark,Nelson,03-12-1954,M,Canada,Ontario,Home,4,No,Client,4,1209659.27,302414.8175,4168.6900000000005,1042.1725000000001,3,1
C1891,Individual,Gary,James,06-02-1972,M,USA,Oregon,Home,2,No,Agency,4,1466482.7999999998,366620.69999999995,4979.219999999999,1244.8049999999998,3,1
C1892,Individual,Nancy,Jones,06-06-1951,F,USA,Nevada,Investment,5,Yes,Agency,3,978638.94,326212.98,3100.45,1033.4833333333333,3,0
C1893,Individual,Ann,Davis,12/27/1962,F,USA,Washington,Home,1,Yes,Website,4,1458732.84,364683.21,4584.0599999999995,1146.0149999999999,3,1
C1894,Individual,Joyce,Hall,03-11-1944,F,USA,Texas,Investment,4,No,Website,4,1284918.37,321229.5925,4111.24,1027.81,3,1
C1895,Company,Caldera,Co,01-07-1969,M,USA,Nevada,Investment,4,No,Agency,3,1170571.86,390190.62000000005,3925.54,1308.5133333333333,2,1
C1896,Individual,Andrew,Bryant,6/17/1955,M,USA,Virginia,Investment,3,No,Agency,3,1158311.0,386103.6666666667,3417.46,1139.1533333333334,3,0
C1897,Individual,Catherine,Rogers,12/27/1950,F,Canada,Ontario,Home,2,No,Website,4,1108918.3399999999,277229.58499999996,3766.44,941.61,4,0
C1898,Individual,Daniel,James,01-05-1979,M,USA,New York,Home,1,Yes,Website,4,1159717.54,289929.385,3807.2799999999997,951.8199999999999,3,1
C1899,Individual,Joe,Mitchell,04-05-1996,M,UK,England,Home,3,No,Website,3,1001627.28,333875.76,3664.15,1221.3833333333334,3,0
C1900,Individual,Rachel,Griffin,09-07-1998,F,UK,England,Investment,4,No,Client,4,1185889.79,296472.4475,4842.950000000001,1210.7375000000002,3,1
C1901,Individual,Justin,Stewart,9/17/1982,M,Canada,British Columbia,Home,4,No,Agency,4,1357680.7,339420.175,4605.48,1151.37,3,1
C1902,Company,Grandis,Co,11-09-1980,M,USA,Colorado,Investment,2,No,Agency,4,1127600.93,281900.2325,3541.58,885.395,3,1
C1903,Individual,Nicole,Bennett,12-01-1991,F,USA,Nevada,Home,2,No,Website,4,1453139.0699999998,363284.76749999996,4770.88,1192.72,4,0
C1904,Individual,Christian,Nelson,3/23/1949,M,USA,Texas,Home,2,Yes,Website,4,1337265.67,334316.4175,4294.95,1073.7375,4,0
C1905,Individual,James,Morris,02-02-1961,M,USA,Virginia,Home,1,No,Website,3,1180529.35,393509.7833333334,4062.88,1354.2933333333333,2,1
C1906,Individual,Michelle,Adams,9/15/1955,F,USA,California,Home,2,No,Agency,4,1487182.67,371795.6675,4634.53,1158.6325,2,2
C1907,Individual,Kyle,Wright,03-12-1950,M,USA,Colorado,Home,3,No,Website,4,1751481.1500000001,437870.28750000003,5396.8,1349.2,1,3
C1908,Individual,Andrea,Moore,3/28/1976,F,USA,California,Home,2,No,Website,4,1543714.5,385928.625,5297.54,1324.385,3,1
C1909,Individual,Heather,Pierce,12-04-1985,F,USA,California,Investment,2,No,Agency,3,1238663.76,412887.92,3939.48,1313.16,2,1
C1910,Company,Telnox,Co,10-04-1985,M,USA,California,Home,2,Yes,Agency,4,816793.9099999999,204198.47749999998,2940.44,735.11,4,0
C1911,Individual,Noah,Murray,01-11-1989,M,USA,California,Home,5,No,Agency,3,1195691.95,398563.98333333334,3804.1400000000003,1268.0466666666669,3,0
C1912,Individual,Amanda,Jackson,7/26/1954,F,USA,Utah,Investment,1,No,Website,3,863871.21,287957.07,2856.2200000000003,952.0733333333334,1,2
C1913,Individual,Gary,King,11-12-1980,M,France,Provence,Home,5,No,Website,4,1210353.53,302588.3825,3888.98,972.245,4,0
C1914,Individual,Brenda,Gray,8/24/1993,F,UK,Scotland,Home,4,Yes,Website,3,1553786.78,517928.9266666667,4754.2,1584.7333333333333,2,1
C1915,Individual,Angela,Williams,06-09-1964,F,USA,Arizona,Investment,4,No,Client,3,1015184.58,338394.86,3230.0699999999997,1076.6899999999998,2,1
C1916,Individual,Zachary,Weaver,10/15/1948,M,USA,California,Investment,2,No,Website,3,1257058.52,419019.50666666665,3911.33,1303.7766666666666,3,0
C1917,Individual,Angela,Montgomery,9/16/1971,F,Australia,New South Wales,Home,2,No,Client,4,1007433.23,251858.3075,3283.6899999999996,820.9224999999999,4,0
C1918,Individual,Dorothy,Murray,9/17/1940,F,USA,California,Home,1,No,Client,4,1019401.51,254850.3775,3062.67,765.6675,2,2
C1919,Company,Vantage,Co,1/19/1968,F,USA,Nevada,Investment,1,No,Website,4,1083015.76,270753.94,3717.09,929.2725,4,0
C1920,Individual,Jonathan,Pierce,10/26/1969,M,Germany,North Rhine-Westphalia,Home,5,No,Agency,4,1523588.92,380897.23,5112.18,1278.045,4,0
C1921,Individual,Carolyn,Adams,12/24/1956,F,France,Provence,Home,5,No,Website,3,980793.6799999999,326931.2266666666,3268.38,1089.46,1,2
C1922,Individual,Jessica,Garcia,01-09-1988,F,USA,California,Home,1,No,Agency,3,1549836.17,516612.05666666664,4776.37,1592.1233333333332,3,0
C1923,Individual,Sarah,Cooper,03-07-1947,F,Mexico,Jalisco,Investment,1,Yes,Client,4,1302917.16,325729.29,4561.52,1140.38,3,1
C1924,Individual,Joe,Cooper,01-03-1958,M,USA,California,Home,3,No,Client,4,1453954.37,363488.5925,5013.23,1253.3075,4,0
C1925,Individual,Jordan,Baker,1/19/1942,M,USA,Colorado,Home,2,No,Agency,4,1165252.94,291313.235,4372.2,1093.05,3,1
C1926,Individual,Joshua,Watson,11-05-1997,M,Mexico,Puebla,Home,1,Yes,Website,4,1238034.03,309508.5075,4058.92,1014.73,3,1
C1927,Individual,Victoria,Long,11-05-1952,F,USA,California,Investment,1,Yes,Website,4,1325474.94,331368.735,5122.75,1280.6875,4,0
C1928,Individual,Paul,Scott,2/20/1998,M,Australia,New South Wales,Home,4,Yes,Client,3,741930.22,247310.07333333333,2208.13,736.0433333333334,3,0
C1929,Individual,Angela,Baker,10/24/1941,F,Mexico,Jalisco,Home,1,Yes,Agency,4,1329874.96,332468.74,4508.7,1127.175,4,0
C1930,Individual,Rachel,Adams,1/22/1966,F,USA,Colorado,Investment,3,No,Agency,4,1184992.23,296248.0575,3963.9500000000003,990.9875000000001,4,0
C1931,Individual,Melissa,Jackson,05-01-1995,F,USA,Utah,Home,5,Yes,Website,4,1323884.1099999999,330971.02749999997,4191.96,1047.99,4,0
C1932,Individual,Dorothy,Allen,5/13/1962,F,USA,California,Investment,2,No,Website,4,1713149.19,428287.2975,5368.610000000001,1342.1525000000001,4,0
C1933,Company,Oasis,Co,04-05-1994,F,Australia,Queensland,Home,1,No,Client,3,822428.05,274142.68333333335,2555.61,851.87,2,1
C1934,Individual,Noah,Montgomery,3/25/1978,M,France,Ile-de-France,Investment,4,Yes,Client,4,1719384.46,429846.115,5691.97,1422.9925,3,1
C1935,Individual,Ashley,Young,4/14/1983,F,USA,Arizona,Home,5,No,Website,3,1205890.37,401963.4566666667,4071.58,1357.1933333333334,2,1
C1936,Individual,Jeffrey,Brown,2/24/1984,M,Russia,Krasnodar Krai,Home,1,Yes,Agency,3,965899.1000000001,321966.3666666667,2976.66,992.2199999999999,3,0
C1937,Individual,Ashley,Richardson,3/16/1961,F,USA,Arizona,Home,3,Yes,Website,4,1707838.06,426959.515,5677.28,1419.32,3,1
C1938,Individual,Peter,Anderson,7/28/1973,M,Canada,Quebec,Home,4,Yes,Website,3,1154671.2,384890.39999999997,3617.89,1205.9633333333334,2,1
C1939,Individual,Gloria,White,06-09-1979,F,USA,Florida,Investment,1,Yes,Agency,3,674304.95,224768.31666666665,2517.4300000000003,839.1433333333334,3,0
C1940,Individual,Barbara,Turner,02-01-1997,F,Canada,Manitoba,Home,4,No,Agency,4,1403901.1400000001,350975.28500000003,4866.38,1216.595,4,0
C1941,Individual,Maria,James,5/20/1943,F,USA,Nevada,Home,5,No,Client,4,1368615.25,342153.8125,4561.52,1140.38,4,0
C1942,Company,Stratos,Co,11-10-1984,F,USA,Nevada,Home,2,Yes,Agency,3,1133984.52,377994.84,3939.48,1313.16,3,0
C1943,Individual,Eric,Long,01-04-1973,M,USA,Arizona,Home,1,No,Website,3,967521.23,322507.07666666666,3128.13,1042.71,3,0
C1944,Individual,Henry,Pierce,2/15/1986,M,USA,California,Investment,1,No,Website,4,1971083.9300000002,492770.98250000004,6410.68,1602.67,4,0
C1945,Individual,Sean,Johnson,2/26/1967,M,Mexico,Mexico City,Investment,3,No,Website,4,1112541.88,278135.47,3757.95,939.4875,4,0
C1946,Individual,Mark,Bell,1/15/1955,M,USA,California,Home,1,No,Agency,3,1056227.37,352075.79000000004,3333.75,1111.25,2,1
C1947,Individual,Walter,Mitchell,02-02-1979,M,USA,Nevada,Home,3,No,Website,3,1247905.56,415968.52,3985.41,1328.47,3,0
C1948,Individual,Melissa,Harris,04-01-1955,F,USA,Arizona,Home,2,No,Agency,3,1530233.0,510077.6666666667,4583.59,1527.8633333333335,3,0
C1949,Individual,Christina,James,7/20/1955,F,USA,Colorado,Home,2,Yes,Agency,3,1020270.72,340090.24,3823.56,1274.52,3,0
C1950,Individual,Edward,Weaver,3/27/1975,M,USA,Ohio,Home,4,No,Agency,4,1033306.43,258326.6075,3733.42,933.355,4,0
C1951,Individual,Alexander,Murray,09-08-1996,M,USA,Utah,Home,1,Yes,Website,4,1128864.17,282216.0425,3889.34,972.335,3,1
C1952,Company,Optima,Co,05-06-1992,M,USA,Nevada,Home,3,No,Agency,3,1235262.65,411754.2166666666,4354.610000000001,1451.5366666666669,2,1
C1953,Individual,Donald,Miller,10/16/1972,M,Germany,Bavaria,Home,1,Yes,Website,4,1199064.43,299766.1075,3786.61,946.6525,2,2
C1954,Individual,Judy,Roberts,09-03-1966,F,Australia,Western Australia,Investment,3,No,Website,3,809731.0700000001,269910.3566666667,2699.97,899.9899999999999,3,0
C1955,Individual,Benjamin,Wright,5/20/1998,M,Canada,Quebec,Home,1,No,Website,4,1707150.06,426787.515,5521.04,1380.26,4,0
C1956,Individual,Julie,Weaver,8/21/1967,F,USA,Oregon,Home,2,No,Agency,4,1224023.79,306005.9475,3682.83,920.7075,2,2
C1957,Individual,Adam,Howard,9/24/1962,M,USA,California,Home,4,Yes,Website,4,1318838.26,329709.565,4600.8,1150.2,3,1
C1958,Individual,Susan,Foster,10-09-1970,F,USA,California,Home,3,No,Website,4,1567012.19,391753.0475,5148.219999999999,1287.0549999999998,4,0
C1959,Individual,Judy,Morales,2/20/1942,F,USA,Texas,Home,1,No,Website,3,626084.02,208694.67333333334,2259.94,753.3133333333334,3,0
C1960,Individual,Dorothy,Brown,08-02-1987,F,USA,Colorado,Home,2,Yes,Website,3,1196488.96,398829.6533333333,4051.48,1350.4933333333333,3,0
C1961,Individual,William,Campbell,9/26/1994,M,USA,California,Home,5,No,Agency,4,1289265.38,322316.345,4553.99,1138.4975,4,0
C1962,Individual,Kimberly,Harris,08-01-1995,F,Mexico,Puebla,Home,5,No,Agency,3,971475.24,323825.08,3324.31,1108.1033333333332,3,0
C1963,Company,Terova,Co,03-01-1968,M,USA,Texas,Home,5,No,Website,3,983925.13,327975.04333333333,3272.3199999999997,1090.7733333333333,3,0
C1964,Individual,Kevin,Martin,6/17/1972,M,USA,Virginia,Home,5,No,Agency,3,1149434.67,383144.88999999996,4077.7200000000003,1359.24,2,1
C1965,Individual,Sean,Wright,01-09-1997,M,USA,California,Home,4,No,Agency,3,1489053.39,496351.12999999995,4737.9400000000005,1579.3133333333335,2,1
C1966,Individual,Ronald,Howard,02-10-1964,M,Canada,British Columbia,Home,1,No,Agency,4,1210176.2,302544.05,4446.59,1111.6475,2,2
C1967,Individual,Roger,Bryant,10-09-1957,M,USA,Oregon,Investment,4,No,Agency,3,747143.37,249047.79,2577.79,859.2633333333333,3,0
C1968,Individual,Judy,Griffin,11-02-1958,F,USA,California,Investment,3,Yes,Client,3,987718.99,329239.66333333333,3218.1800000000003,1072.7266666666667,3,0
C1969,Individual,Jesse,James,6/14/1993,M,USA,Colorado,Investment,2,Yes,Agency,4,1030940.4299999999,257735.10749999998,3418.32,854.58,3,1
C1970,Individual,Raymond,Howard,2/25/1978,M,USA,Arizona,Investment,4,Yes,Website,3,1346312.7000000002,448770.9000000001,4085.23,1361.7433333333333,2,1
C1971,Individual,Emma,Jordan,7/18/1976,F,USA,Virginia,Home,5,No,Website,3,673422.3200000001,224474.1066666667,2326.7,775.5666666666666,3,0
C1972,Individual,Carol,Wilson,01-05-1972,F,USA,California,Home,4,Yes,Website,3,943260.84,314420.27999999997,3232.0,1077.3333333333333,2,1
C1973,Company,Oasis,Co,9/13/1993,M,USA,Washington,Home,4,Yes,Agency,4,1450499.68,362624.92,4859.13,1214.7825,3,1
C1974,Individual,Keith,Peterson,04-09-1950,M,USA,Nevada,Home,5,Yes,Agency,4,968686.8500000001,242171.71250000002,3238.63,809.6575,3,1
C1975,Individual,Dorothy,Campbell,08-05-1975,F,Belgium,Wallonia,Home,4,No,Agency,3,985031.21,328343.73666666663,3071.6400000000003,1023.8800000000001,2,1
C1976,Individual,Albert,Wilson,05-03-1995,M,USA,Florida,Home,5,No,Client,4,1146120.65,286530.1625,4121.16,1030.29,4,0
C1977,Individual,Jason,Bennett,04-07-1994,M,USA,Virginia,Home,1,No,Website,4,2001430.4300000002,500357.60750000004,6308.93,1577.2325,3,1
C1978,Company,Summit,Co,02-06-1967,F,USA,California,Investment,5,Yes,Website,3,1205900.67,401966.88999999996,3870.26,1290.0866666666668,2,1
C1979,Individual,Brian,Richardson,5/25/1942,M,USA,Colorado,Home,3,Yes,Agency,4,1287568.79,321892.1975,4058.92,1014.73,3,1
C1980,Individual,Barbara,Green,05-09-1956,F,USA,Texas,Investment,4,No,Website,4,1579565.09,394891.2725,4915.33,1228.8325,4,0
C1981,Individual,Sarah,Flores,12-09-1992,F,Canada,Quebec,Home,5,No,Agency,4,1440160.68,360040.17,4983.74,1245.935,3,1
C1982,Individual,Jose,Long,09-05-1947,M,USA,California,Home,4,Yes,Website,3,1545398.56,515132.85333333333,5008.04,1669.3466666666666,2,1
C1983,Individual,Ryan,Reed,3/13/1961,M,UK,Northern Ireland,Home,3,No,Website,4,1317304.52,329326.13,4281.9,1070.475,3,1
C1984,Individual,Jesse,Watson,10/18/1956,M,USA,California,Home,4,No,Website,3,846287.21,282095.73666666663,2983.56,994.52,3,0
C1985,Individual,Gregory,Bell,05-11-1963,M,UK,Scotland,Home,1,Yes,Agency,4,1149379.8599999999,287344.96499999997,4058.92,1014.73,2,2
C1986,Individual,Thomas,Griffin,4/23/1977,M,USA,New York,Investment,1,No,Website,4,1442798.93,360699.7325,4614.23,1153.5575,4,0
C1987,Individual,Douglas,Davis,10/18/1986,M,Belgium,Wallonia,Investment,5,No,Website,4,1316082.96,329020.74,4416.69,1104.1725,3,1
C1988,Individual,Henry,Thompson,9/19/1994,M,USA,California,Home,5,Yes,Website,4,1301018.95,325254.7375,3888.98,972.245,4,0
C1989,Individual,William,Montgomery,11/19/1959,M,USA,Texas,Home,3,No,Agency,4,1380788.8599999999,345197.21499999997,4541.3,1135.325,3,1
C1990,Individual,Scott,Howard,11/28/1976,M,USA,Texas,Investment,5,No,Agency,3,1253745.81,417915.27,3910.42,1303.4733333333334,3,0
C1991,Individual,Susan,Reed,07-09-1950,F,USA,California,Home,3,No,Website,4,1134341.88,283585.47,3601.56,900.39,3,1
C1992,Individual,Rachel,Hansen,1/19/1943,F,USA,Texas,Home,3,Yes,Website,3,1266058.76,422019.58666666667,4335.24,1445.08,1,2
C1993,Individual,Douglas,Thompson,06-09-1985,M,USA,New York,Home,2,No,Website,3,1385369.38,461789.7933333333,4363.23,1454.4099999999999,2,1
C1994,Individual,Nicole,Miller,7/21/1994,F,USA,Oregon,Investment,3,Yes,Website,3,1257875.21,419291.73666666663,4363.23,1454.4099999999999,3,0
C1995,Individual,Michelle,Scott,03-05-1993,F,USA,California,Investment,4,No,Agency,4,1044043.64,261010.91,3623.01,905.7525,3,1
C1996,Individual,Samantha,Brooks,6/20/1992,F,USA,Nevada,Home,1,Yes,Website,4,1151831.48,287957.87,4109.3,1027.325,4,0
C1997,Individual,Matthew,Cox,9/27/1942,M,USA,Arizona,Home,4,Yes,Website,4,1101825.4,275456.35,3641.68,910.42,2,2
C1998,Individual,Mark,Patterson,9/13/1963,M,USA,Virginia,Home,5,Yes,Website,3,1023688.56,341229.52,3421.2,1140.3999999999999,3,0
C1999,Individual,Lawrence,Montgomery,6/15/1944,M,USA,Ohio,Home,4,Yes,Client,3,838587.38,279529.12666666665,2757.14,919.0466666666666,3,0
C2000,Individual,Amanda,James,3/24/1996,F,USA,Georgia,Home,1,Yes,Agency,3,913528.5,304509.5,3100.45,1033.4833333333333,3,0
